row_index,split,actual,predicted,residual,actual_cognitive_load,predicted_cognitive_load,load_level,confidence,data_source,is_synthetic_demo,model_type,kalman_enabled,llm_action,llm_reasoning,llm_confidence,llm_mode
0,train,38.400612378786704,41.03880425708177,-2.6381918782950677,38.400612378786704,41.03880425708177,low,0.9450452659163063,synthetic_demo,True,real_gb,False,simplify_ui,Deterministic mock: elevated predicted load or complexity.,0.75,mock
1,test,45.50964981326233,43.5483416843947,1.9613081288676284,45.50964981326233,43.5483416843947,low,0.9420274800985694,synthetic_demo,True,real_gb,False,simplify_ui,Deterministic mock: elevated predicted load or complexity.,0.75,mock
2,train,33.34140320870831,39.27174280790724,-5.9303395991989305,33.34140320870831,39.27174280790724,low,0.9403378690737368,synthetic_demo,True,real_gb,False,no_change,Deterministic mock: no high-risk pattern detected.,0.65,mock
3,train,41.654302996187276,43.4593102119218,-1.805007215734527,41.654302996187276,43.4593102119218,low,0.9268061650988333,synthetic_demo,True,real_gb,False,highlight_relevant,Deterministic mock: elevated time pressure.,0.7,mock
4,train,46.95693533641848,47.28575144866934,-0.3288161122508555,46.95693533641848,47.28575144866934,low,0.9424603870902921,synthetic_demo,True,real_gb,False,simplify_ui,Deterministic mock: elevated predicted load or complexity.,0.75,mock
5,test,27.93840300108804,41.484287814656604,-13.545884813568563,27.93840300108804,41.484287814656604,low,0.9462669375349375,synthetic_demo,True,real_gb,False,no_change,Deterministic mock: no high-risk pattern detected.,0.65,mock
6,train,25.604575207902137,35.83435159750863,-10.229776389606492,25.604575207902137,35.83435159750863,low,0.9288231431385622,synthetic_demo,True,real_gb,False,no_change,Deterministic mock: no high-risk pattern detected.,0.65,mock
7,train,50.695113869174016,46.94194875035907,3.753165118814948,50.695113869174016,46.94194875035907,low,0.9471950294210237,synthetic_demo,True,real_gb,False,simplify_ui,Deterministic mock: elevated predicted load or complexity.,0.75,mock
8,train,46.7221111313039,43.768202640716744,2.9539084905871533,46.7221111313039,43.768202640716744,low,0.940439189664659,synthetic_demo,True,real_gb,False,simplify_ui,Deterministic mock: elevated predicted load or complexity.,0.75,mock
9,train,36.19902601609259,38.90270011139613,-2.7036740953035405,36.19902601609259,38.90270011139613,low,0.9377530937093402,synthetic_demo,True,real_gb,False,no_change,Deterministic mock: no high-risk pattern detected.,0.65,mock
10,test,37.29690417390423,40.39899964838063,-3.1020954744763998,37.29690417390423,40.39899964838063,low,0.9701220738029048,synthetic_demo,True,real_gb,False,no_change,Deterministic mock: no high-risk pattern detected.,0.65,mock
11,train,40.405812752841655,44.939059442177566,-4.533246689335911,40.405812752841655,44.939059442177566,low,0.9183761846622492,synthetic_demo,True,real_gb,False,simplify_ui,Deterministic mock: elevated predicted load or complexity.,0.75,mock
12,train,37.758706045603354,41.568251719910805,-3.8095456743074507,37.758706045603354,41.568251719910805,low,0.9300072074029839,synthetic_demo,True,real_gb,False,highlight_relevant,Deterministic mock: elevated time pressure.,0.7,mock
13,train,53.71190795977725,48.87890604119589,4.83300191858136,53.71190795977725,48.87890604119589,low,0.9510685946771817,synthetic_demo,True,real_gb,False,simplify_ui,Deterministic mock: elevated predicted load or complexity.,0.75,mock
14,train,40.51532490141362,41.34240253734054,-0.8270776359269192,40.51532490141362,41.34240253734054,low,0.972569712779009,synthetic_demo,True,real_gb,False,no_change,Deterministic mock: no high-risk pattern detected.,0.65,mock
15,test,37.25571504699314,37.11497273740269,0.14074230959045053,37.25571504699314,37.11497273740269,low,0.9800086728916431,synthetic_demo,True,real_gb,False,no_change,Deterministic mock: no high-risk pattern detected.,0.65,mock
16,train,40.276160129722136,43.93401460213665,-3.6578544724145132,40.276160129722136,43.93401460213665,low,0.9214499954714084,synthetic_demo,True,real_gb,False,simplify_ui,Deterministic mock: elevated predicted load or complexity.,0.75,mock
17,train,37.86138425355675,43.083730048651844,-5.2223457950950944,37.86138425355675,43.083730048651844,low,0.9125745607053003,synthetic_demo,True,real_gb,False,highlight_relevant,Deterministic mock: elevated time pressure.,0.7,mock
18,train,46.79345968520785,45.00875016295834,1.784709522249507,46.79345968520785,45.00875016295834,low,0.9201589010235002,synthetic_demo,True,real_gb,False,simplify_ui,Deterministic mock: elevated predicted load or complexity.,0.75,mock
19,train,40.50685951008559,41.83788662256547,-1.3310271124798803,40.50685951008559,41.83788662256547,low,0.9400774839539162,synthetic_demo,True,real_gb,False,no_change,Deterministic mock: no high-risk pattern detected.,0.65,mock
20,train,42.77745308033703,41.68927208088429,1.0881809994527458,42.77745308033703,41.68927208088429,low,0.9234268065654765,synthetic_demo,True,real_gb,False,highlight_relevant,Deterministic mock: elevated time pressure.,0.7,mock
21,train,40.715286135783536,42.3855947066588,-1.6703085708752639,40.715286135783536,42.3855947066588,low,0.9541195707590892,synthetic_demo,True,real_gb,False,no_change,Deterministic mock: no high-risk pattern detected.,0.65,mock
22,train,33.589749543634944,39.011054481412735,-5.421304937777791,33.589749543634944,39.011054481412735,low,0.948521601846615,synthetic_demo,True,real_gb,False,no_change,Deterministic mock: no high-risk pattern detected.,0.65,mock
23,train,43.76752927519959,44.153116331721165,-0.38558705652157244,43.76752927519959,44.153116331721165,low,0.9287912386751964,synthetic_demo,True,real_gb,False,simplify_ui,Deterministic mock: elevated predicted load or complexity.,0.75,mock
24,train,44.997499230221436,44.460886678442904,0.5366125517785321,44.997499230221436,44.460886678442904,low,0.9367429187033438,synthetic_demo,True,real_gb,False,no_change,Deterministic mock: no high-risk pattern detected.,0.65,mock
25,train,48.67165777963911,45.59971557337867,3.071942206260445,48.67165777963911,45.59971557337867,low,0.9426684098974628,synthetic_demo,True,real_gb,False,no_change,Deterministic mock: no high-risk pattern detected.,0.65,mock
26,train,39.64844340710587,42.931873000843304,-3.2834295937374307,39.64844340710587,42.931873000843304,low,0.9408180631777143,synthetic_demo,True,real_gb,False,highlight_relevant,Deterministic mock: elevated time pressure.,0.7,mock
27,train,31.658332391792666,38.499689597352926,-6.841357205560261,31.658332391792666,38.499689597352926,low,0.9474530362442901,synthetic_demo,True,real_gb,False,no_change,Deterministic mock: no high-risk pattern detected.,0.65,mock
28,train,34.07961176312089,37.175244582453324,-3.0956328193324367,34.07961176312089,37.175244582453324,low,0.9662533984879867,synthetic_demo,True,real_gb,False,no_change,Deterministic mock: no high-risk pattern detected.,0.65,mock
29,train,42.57537896960546,47.21513656383946,-4.639757594233998,42.57537896960546,47.21513656383946,low,0.9382625316066437,synthetic_demo,True,real_gb,False,simplify_ui,Deterministic mock: elevated predicted load or complexity.,0.75,mock
30,train,43.24620454458439,42.31664770656047,0.9295568380239203,43.24620454458439,42.31664770656047,low,0.960970611488014,synthetic_demo,True,real_gb,False,no_change,Deterministic mock: no high-risk pattern detected.,0.65,mock
31,train,34.446248388736024,42.23802064519029,-7.791772256454266,34.446248388736024,42.23802064519029,low,0.9718300490032594,synthetic_demo,True,real_gb,False,no_change,Deterministic mock: no high-risk pattern detected.,0.65,mock
32,test,39.938997128409554,43.75424760578621,-3.815250477376658,39.938997128409554,43.75424760578621,low,0.9410796445488635,synthetic_demo,True,real_gb,False,highlight_relevant,Deterministic mock: elevated time pressure.,0.7,mock
33,train,44.351761643001076,43.003512989320654,1.3482486536804217,44.351761643001076,43.003512989320654,low,0.946344832247735,synthetic_demo,True,real_gb,False,simplify_ui,Deterministic mock: elevated predicted load or complexity.,0.75,mock
34,test,35.12996213615804,40.92180828891638,-5.791846152758339,35.12996213615804,40.92180828891638,low,0.9336957542555744,synthetic_demo,True,real_gb,False,no_change,Deterministic mock: no high-risk pattern detected.,0.65,mock
35,train,27.152536229941347,38.06164253990946,-10.90910630996811,27.152536229941347,38.06164253990946,low,0.9417141158042333,synthetic_demo,True,real_gb,False,no_change,Deterministic mock: no high-risk pattern detected.,0.65,mock
36,train,52.92220597165907,47.377808626046736,5.544397345612332,52.92220597165907,47.377808626046736,low,0.9541439603597376,synthetic_demo,True,real_gb,False,simplify_ui,Deterministic mock: elevated predicted load or complexity.,0.75,mock
37,train,32.54406891319496,38.458343892513476,-5.914274979318513,32.54406891319496,38.458343892513476,low,0.9600415525082776,synthetic_demo,True,real_gb,False,no_change,Deterministic mock: no high-risk pattern detected.,0.65,mock
38,train,44.18547979790041,44.37570488036232,-0.1902250824619074,44.18547979790041,44.37570488036232,low,0.9400825914231551,synthetic_demo,True,real_gb,False,highlight_relevant,Deterministic mock: elevated time pressure.,0.7,mock
39,test,33.014925914460605,40.03397950516832,-7.019053590707713,33.014925914460605,40.03397950516832,low,0.9645347025958457,synthetic_demo,True,real_gb,False,no_change,Deterministic mock: no high-risk pattern detected.,0.65,mock
40,train,47.604652985845206,46.461150357036125,1.143502628809081,47.604652985845206,46.461150357036125,low,0.9293653098976817,synthetic_demo,True,real_gb,False,simplify_ui,Deterministic mock: elevated predicted load or complexity.,0.75,mock
41,test,36.01323992267762,40.972829536194,-4.959589613516378,36.01323992267762,40.972829536194,low,0.9289773699601125,synthetic_demo,True,real_gb,False,highlight_relevant,Deterministic mock: elevated time pressure.,0.7,mock
42,test,47.75981814820734,41.15648451889915,6.603333629308189,47.75981814820734,41.15648451889915,low,0.9601819346940026,synthetic_demo,True,real_gb,False,no_change,Deterministic mock: no high-risk pattern detected.,0.65,mock
43,train,49.63372016594986,47.28382622012066,2.3498939458292014,49.63372016594986,47.28382622012066,low,0.9289588975029073,synthetic_demo,True,real_gb,False,simplify_ui,Deterministic mock: elevated predicted load or complexity.,0.75,mock
44,train,40.653525540646584,42.98087699549346,-2.3273514548468768,40.653525540646584,42.98087699549346,low,0.9445971060965319,synthetic_demo,True,real_gb,False,highlight_relevant,Deterministic mock: elevated time pressure.,0.7,mock
45,train,34.3102528518257,38.801204977628636,-4.490952125802934,34.3102528518257,38.801204977628636,low,0.9424502604070798,synthetic_demo,True,real_gb,False,highlight_relevant,Deterministic mock: elevated time pressure.,0.7,mock
46,train,46.646329243075506,43.164825081684874,3.4815041613906317,46.646329243075506,43.164825081684874,low,0.9794333393126543,synthetic_demo,True,real_gb,False,no_change,Deterministic mock: no high-risk pattern detected.,0.65,mock
47,train,29.365959133409326,37.912791121821385,-8.546831988412059,29.365959133409326,37.912791121821385,low,0.96165022551707,synthetic_demo,True,real_gb,False,simplify_ui,Deterministic mock: elevated predicted load or complexity.,0.75,mock
48,train,51.1244652563833,47.90183102529056,3.2226342310927407,51.1244652563833,47.90183102529056,low,0.9435270425019737,synthetic_demo,True,real_gb,False,simplify_ui,Deterministic mock: elevated predicted load or complexity.,0.75,mock
49,test,42.47023883982651,43.30630309358372,-0.8360642537572147,42.47023883982651,43.30630309358372,low,0.9456343603313954,synthetic_demo,True,real_gb,False,highlight_relevant,Deterministic mock: elevated time pressure.,0.7,mock
50,train,44.80375481806732,46.15969507980437,-1.3559402617370537,44.80375481806732,46.15969507980437,low,0.9323145081345028,synthetic_demo,True,real_gb,False,highlight_relevant,Deterministic mock: elevated time pressure.,0.7,mock
51,train,50.115013581014125,49.122539637250014,0.9924739437641108,50.115013581014125,49.122539637250014,low,0.9044437953521086,synthetic_demo,True,real_gb,False,simplify_ui,Deterministic mock: elevated predicted load or complexity.,0.75,mock
52,test,34.55334767334263,39.852118497124245,-5.2987708237816165,34.55334767334263,39.852118497124245,low,0.9215473783681277,synthetic_demo,True,real_gb,False,no_change,Deterministic mock: no high-risk pattern detected.,0.65,mock
53,train,35.65601022810058,41.95599922627622,-6.2999889981756425,35.65601022810058,41.95599922627622,low,0.9607645139952052,synthetic_demo,True,real_gb,False,no_change,Deterministic mock: no high-risk pattern detected.,0.65,mock
54,train,39.334735380987674,41.74969688415497,-2.414961503167298,39.334735380987674,41.74969688415497,low,0.9467264162148067,synthetic_demo,True,real_gb,False,highlight_relevant,Deterministic mock: elevated time pressure.,0.7,mock
55,train,42.75878846263513,41.47233723974931,1.2864512228858231,42.75878846263513,41.47233723974931,low,0.9218364945839247,synthetic_demo,True,real_gb,False,no_change,Deterministic mock: no high-risk pattern detected.,0.65,mock
56,train,49.34324311964992,46.782431392596166,2.5608117270537534,49.34324311964992,46.782431392596166,low,0.917916671099831,synthetic_demo,True,real_gb,False,simplify_ui,Deterministic mock: elevated predicted load or complexity.,0.75,mock
57,test,43.90250260374063,47.13821482213317,-3.2357122183925426,43.90250260374063,47.13821482213317,low,0.936487036096717,synthetic_demo,True,real_gb,False,simplify_ui,Deterministic mock: elevated predicted load or complexity.,0.75,mock
58,train,47.021392946360926,47.383192626516944,-0.36179968015601816,47.021392946360926,47.383192626516944,low,0.9368741601476424,synthetic_demo,True,real_gb,False,highlight_relevant,Deterministic mock: elevated time pressure.,0.7,mock
59,train,41.73529345237742,43.07731265889909,-1.3420192065216696,41.73529345237742,43.07731265889909,low,0.9501852750812878,synthetic_demo,True,real_gb,False,no_change,Deterministic mock: no high-risk pattern detected.,0.65,mock
60,train,30.06291845821336,37.51189992241047,-7.448981464197111,30.06291845821336,37.51189992241047,low,0.9462625808767742,synthetic_demo,True,real_gb,False,no_change,Deterministic mock: no high-risk pattern detected.,0.65,mock
61,train,47.787424390745414,46.77293102929106,1.014493361454356,47.787424390745414,46.77293102929106,low,0.9280534234943596,synthetic_demo,True,real_gb,False,simplify_ui,Deterministic mock: elevated predicted load or complexity.,0.75,mock
62,train,40.55596408863267,41.302438166360275,-0.7464740777276049,40.55596408863267,41.302438166360275,low,0.9511554378194205,synthetic_demo,True,real_gb,False,simplify_ui,Deterministic mock: elevated predicted load or complexity.,0.75,mock
63,test,46.27067120986538,41.38744536713996,4.883225842725416,46.27067120986538,41.38744536713996,low,0.9094641057572513,synthetic_demo,True,real_gb,False,no_change,Deterministic mock: no high-risk pattern detected.,0.65,mock
64,train,43.54688794542451,44.583960209776855,-1.0370722643523465,43.54688794542451,44.583960209776855,low,0.9423187258460364,synthetic_demo,True,real_gb,False,highlight_relevant,Deterministic mock: elevated time pressure.,0.7,mock
65,test,31.735588364788324,40.906491775495454,-9.17090341070713,31.735588364788324,40.906491775495454,low,0.9700136537449842,synthetic_demo,True,real_gb,False,no_change,Deterministic mock: no high-risk pattern detected.,0.65,mock
66,train,49.48614739129216,45.27737201623382,4.208775375058337,49.48614739129216,45.27737201623382,low,0.9164046179544394,synthetic_demo,True,real_gb,False,no_change,Deterministic mock: no high-risk pattern detected.,0.65,mock
67,train,51.284747898450874,46.08440763340741,5.200340265043465,51.284747898450874,46.08440763340741,low,0.9365472802705352,synthetic_demo,True,real_gb,False,simplify_ui,Deterministic mock: elevated predicted load or complexity.,0.75,mock
68,train,53.937149440802976,48.86856337047422,5.068586070328756,53.937149440802976,48.86856337047422,low,0.9333235726611382,synthetic_demo,True,real_gb,False,highlight_relevant,Deterministic mock: elevated time pressure.,0.7,mock
69,test,33.468203364714554,39.73826306570607,-6.270059700991517,33.468203364714554,39.73826306570607,low,0.9450661616728315,synthetic_demo,True,real_gb,False,highlight_relevant,Deterministic mock: elevated time pressure.,0.7,mock
70,train,40.38299572779524,41.984384969603674,-1.601389241808434,40.38299572779524,41.984384969603674,low,0.9568672007979885,synthetic_demo,True,real_gb,False,highlight_relevant,Deterministic mock: elevated time pressure.,0.7,mock
71,train,44.90595742388372,44.69524749060809,0.2107099332756306,44.90595742388372,44.69524749060809,low,0.8909411627519233,synthetic_demo,True,real_gb,False,simplify_ui,Deterministic mock: elevated predicted load or complexity.,0.75,mock
72,train,32.30380166547421,40.1368268136743,-7.833025148200086,32.30380166547421,40.1368268136743,low,0.9267397353801401,synthetic_demo,True,real_gb,False,no_change,Deterministic mock: no high-risk pattern detected.,0.65,mock
73,train,42.8185285706837,44.01989622148524,-1.2013676508015365,42.8185285706837,44.01989622148524,low,0.9364406872380642,synthetic_demo,True,real_gb,False,simplify_ui,Deterministic mock: elevated predicted load or complexity.,0.75,mock
74,train,45.68791548670368,43.77676128815627,1.9111541985474076,45.68791548670368,43.77676128815627,low,0.9583969535416144,synthetic_demo,True,real_gb,False,no_change,Deterministic mock: no high-risk pattern detected.,0.65,mock
75,train,48.14243062163604,43.966533567478606,4.175897054157431,48.14243062163604,43.966533567478606,low,0.9530613163643162,synthetic_demo,True,real_gb,False,no_change,Deterministic mock: no high-risk pattern detected.,0.65,mock
76,test,25.947585284036844,38.04856599786536,-12.100980713828516,25.947585284036844,38.04856599786536,low,0.9347907239783576,synthetic_demo,True,real_gb,False,no_change,Deterministic mock: no high-risk pattern detected.,0.65,mock
77,train,51.866040952465134,46.92496380115971,4.9410771513054215,51.866040952465134,46.92496380115971,low,0.9253051090156517,synthetic_demo,True,real_gb,False,simplify_ui,Deterministic mock: elevated predicted load or complexity.,0.75,mock
78,train,44.07317758280372,43.175210058330904,0.8979675244728185,44.07317758280372,43.175210058330904,low,0.9179824359265814,synthetic_demo,True,real_gb,False,highlight_relevant,Deterministic mock: elevated time pressure.,0.7,mock
79,train,36.5645043951943,40.37269532716291,-3.8081909319686105,36.5645043951943,40.37269532716291,low,0.9349279455742567,synthetic_demo,True,real_gb,False,no_change,Deterministic mock: no high-risk pattern detected.,0.65,mock
80,train,40.3686194999934,41.59185693138047,-1.2232374313870693,40.3686194999934,41.59185693138047,low,0.950457157620781,synthetic_demo,True,real_gb,False,highlight_relevant,Deterministic mock: elevated time pressure.,0.7,mock
81,test,51.3659051750765,46.78714846437846,4.578756710698038,51.3659051750765,46.78714846437846,low,0.9024220132409208,synthetic_demo,True,real_gb,False,simplify_ui,Deterministic mock: elevated predicted load or complexity.,0.75,mock
82,train,49.73213198247079,47.56342625476135,2.168705727709437,49.73213198247079,47.56342625476135,low,0.9582767074273533,synthetic_demo,True,real_gb,False,simplify_ui,Deterministic mock: elevated predicted load or complexity.,0.75,mock
83,train,38.53805514918466,42.119805385726984,-3.5817502365423266,38.53805514918466,42.119805385726984,low,0.9617295699076968,synthetic_demo,True,real_gb,False,no_change,Deterministic mock: no high-risk pattern detected.,0.65,mock
84,train,38.59169334202386,39.137169484262905,-0.5454761422390462,38.59169334202386,39.137169484262905,low,0.9422126647856774,synthetic_demo,True,real_gb,False,no_change,Deterministic mock: no high-risk pattern detected.,0.65,mock
85,train,37.93152370654033,42.188519706681035,-4.256996000140703,37.93152370654033,42.188519706681035,low,0.9402831502696284,synthetic_demo,True,real_gb,False,simplify_ui,Deterministic mock: elevated predicted load or complexity.,0.75,mock
86,train,40.11925291170636,43.93560843765001,-3.8163555259436492,40.11925291170636,43.93560843765001,low,0.9194155896375749,synthetic_demo,True,real_gb,False,simplify_ui,Deterministic mock: elevated predicted load or complexity.,0.75,mock
87,test,30.714898759707737,38.93765755226081,-8.222758792553073,30.714898759707737,38.93765755226081,low,0.9413790536608058,synthetic_demo,True,real_gb,False,no_change,Deterministic mock: no high-risk pattern detected.,0.65,mock
88,train,33.08692993890632,38.69720454862606,-5.610274609719738,33.08692993890632,38.69720454862606,low,0.9524868725053864,synthetic_demo,True,real_gb,False,no_change,Deterministic mock: no high-risk pattern detected.,0.65,mock
89,train,32.73649460978072,40.93884857448711,-8.20235396470639,32.73649460978072,40.93884857448711,low,0.930625616056591,synthetic_demo,True,real_gb,False,no_change,Deterministic mock: no high-risk pattern detected.,0.65,mock
90,train,49.18508755245479,47.91642763432055,1.2686599181342402,49.18508755245479,47.91642763432055,low,0.9467817245804714,synthetic_demo,True,real_gb,False,simplify_ui,Deterministic mock: elevated predicted load or complexity.,0.75,mock
91,train,42.92733864784527,44.73152841079671,-1.8041897629514452,42.92733864784527,44.73152841079671,low,0.9566556456281272,synthetic_demo,True,real_gb,False,no_change,Deterministic mock: no high-risk pattern detected.,0.65,mock
92,train,44.629765109574215,43.72074168823728,0.9090234213369328,44.629765109574215,43.72074168823728,low,0.9486357182002284,synthetic_demo,True,real_gb,False,simplify_ui,Deterministic mock: elevated predicted load or complexity.,0.75,mock
93,test,38.253848862267695,41.803071700584525,-3.5492228383168296,38.253848862267695,41.803071700584525,low,0.9737782866178003,synthetic_demo,True,real_gb,False,no_change,Deterministic mock: no high-risk pattern detected.,0.65,mock
94,train,44.21752871430087,44.06372295629014,0.15380575801072638,44.21752871430087,44.06372295629014,low,0.9025055371183454,synthetic_demo,True,real_gb,False,highlight_relevant,Deterministic mock: elevated time pressure.,0.7,mock
95,train,42.05293263378563,42.17085743180042,-0.11792479801479061,42.05293263378563,42.17085743180042,low,0.9594870277209729,synthetic_demo,True,real_gb,False,no_change,Deterministic mock: no high-risk pattern detected.,0.65,mock
96,train,44.2082325111135,44.77492247057893,-0.5666899594654282,44.2082325111135,44.77492247057893,low,0.93945352166402,synthetic_demo,True,real_gb,False,simplify_ui,Deterministic mock: elevated predicted load or complexity.,0.75,mock
97,train,38.0668308461308,41.65157574277964,-3.584744896648843,38.0668308461308,41.65157574277964,low,0.9682467599755525,synthetic_demo,True,real_gb,False,simplify_ui,Deterministic mock: elevated predicted load or complexity.,0.75,mock
98,train,35.4303418471727,38.51303993931857,-3.0826980921458684,35.4303418471727,38.51303993931857,low,0.9577947470975229,synthetic_demo,True,real_gb,False,no_change,Deterministic mock: no high-risk pattern detected.,0.65,mock
99,train,50.2135765674059,46.12101241563745,4.09256415176845,50.2135765674059,46.12101241563745,low,0.9317450151923116,synthetic_demo,True,real_gb,False,no_change,Deterministic mock: no high-risk pattern detected.,0.65,mock
100,train,31.78085540288924,40.34193313281804,-8.561077729928801,31.78085540288924,40.34193313281804,low,0.9609821273215735,synthetic_demo,True,real_gb,False,highlight_relevant,Deterministic mock: elevated time pressure.,0.7,mock
101,train,47.903295987692864,45.413554425125,2.4897415625678647,47.903295987692864,45.413554425125,low,0.9290149501826522,synthetic_demo,True,real_gb,False,simplify_ui,Deterministic mock: elevated predicted load or complexity.,0.75,mock
102,test,37.29399965521878,37.788083081527425,-0.49408342630864865,37.29399965521878,37.788083081527425,low,0.9582599854745326,synthetic_demo,True,real_gb,False,no_change,Deterministic mock: no high-risk pattern detected.,0.65,mock
103,train,27.153473117085085,39.51150204945326,-12.358028932368178,27.153473117085085,39.51150204945326,low,0.9765719707986305,synthetic_demo,True,real_gb,False,no_change,Deterministic mock: no high-risk pattern detected.,0.65,mock
104,train,32.63890289025608,37.775674629407874,-5.136771739151797,32.63890289025608,37.775674629407874,low,0.9603980084148239,synthetic_demo,True,real_gb,False,no_change,Deterministic mock: no high-risk pattern detected.,0.65,mock
105,test,47.06835132817427,44.216596076957075,2.851755251217199,47.06835132817427,44.216596076957075,low,0.9442189315362146,synthetic_demo,True,real_gb,False,no_change,Deterministic mock: no high-risk pattern detected.,0.65,mock
106,test,35.4965240242884,42.12849763269574,-6.631973608407343,35.4965240242884,42.12849763269574,low,0.9445436235603317,synthetic_demo,True,real_gb,False,highlight_relevant,Deterministic mock: elevated time pressure.,0.7,mock
107,train,42.284654917336425,43.09013373187948,-0.8054788145430578,42.284654917336425,43.09013373187948,low,0.92216644256226,synthetic_demo,True,real_gb,False,highlight_relevant,Deterministic mock: elevated time pressure.,0.7,mock
108,train,30.58965344262512,38.588943441819,-7.999289999193877,30.58965344262512,38.588943441819,low,0.9383093486504502,synthetic_demo,True,real_gb,False,no_change,Deterministic mock: no high-risk pattern detected.,0.65,mock
109,train,38.033720688719264,41.29026573786593,-3.2565450491466663,38.033720688719264,41.29026573786593,low,0.9214322472869028,synthetic_demo,True,real_gb,False,simplify_ui,Deterministic mock: elevated predicted load or complexity.,0.75,mock
110,train,45.3843987971629,46.84275425851651,-1.4583554613536052,45.3843987971629,46.84275425851651,low,0.951027489255553,synthetic_demo,True,real_gb,False,no_change,Deterministic mock: no high-risk pattern detected.,0.65,mock
111,test,51.4336096520755,47.025642301280534,4.407967350794969,51.4336096520755,47.025642301280534,low,0.921650852676462,synthetic_demo,True,real_gb,False,simplify_ui,Deterministic mock: elevated predicted load or complexity.,0.75,mock
112,train,38.500591725927954,43.02168104641653,-4.521089320488578,38.500591725927954,43.02168104641653,low,0.9415794827726729,synthetic_demo,True,real_gb,False,highlight_relevant,Deterministic mock: elevated time pressure.,0.7,mock
113,test,34.508878921545616,36.31450713810928,-1.8056282165636617,34.508878921545616,36.31450713810928,low,0.9673254688054211,synthetic_demo,True,real_gb,False,no_change,Deterministic mock: no high-risk pattern detected.,0.65,mock
114,test,31.284104399211888,40.375961041261974,-9.091856642050086,31.284104399211888,40.375961041261974,low,0.9620663879059448,synthetic_demo,True,real_gb,False,no_change,Deterministic mock: no high-risk pattern detected.,0.65,mock
115,train,22.884298477326027,36.452984958369925,-13.568686481043898,22.884298477326027,36.452984958369925,low,0.9608724280777801,synthetic_demo,True,real_gb,False,no_change,Deterministic mock: no high-risk pattern detected.,0.65,mock
116,train,39.00468191380136,39.58358693253473,-0.5789050187333658,39.00468191380136,39.58358693253473,low,0.9187457216274995,synthetic_demo,True,real_gb,False,no_change,Deterministic mock: no high-risk pattern detected.,0.65,mock
117,test,34.939619492186466,39.03710617962559,-4.0974866874391225,34.939619492186466,39.03710617962559,low,0.9815298897693119,synthetic_demo,True,real_gb,False,simplify_ui,Deterministic mock: elevated predicted load or complexity.,0.75,mock
118,train,34.23631593825237,39.86464917396499,-5.628333235712624,34.23631593825237,39.86464917396499,low,0.9172398914878952,synthetic_demo,True,real_gb,False,highlight_relevant,Deterministic mock: elevated time pressure.,0.7,mock
119,train,30.545822233475178,36.264128746436405,-5.718306512961227,30.545822233475178,36.264128746436405,low,0.9704350668896383,synthetic_demo,True,real_gb,False,no_change,Deterministic mock: no high-risk pattern detected.,0.65,mock
120,train,46.82708554517819,45.558995746706124,1.2680897984720687,46.82708554517819,45.558995746706124,low,0.9202476927528728,synthetic_demo,True,real_gb,False,highlight_relevant,Deterministic mock: elevated time pressure.,0.7,mock
121,train,33.083162987651946,39.266647378384626,-6.18348439073268,33.083162987651946,39.266647378384626,low,0.9428207299937056,synthetic_demo,True,real_gb,False,no_change,Deterministic mock: no high-risk pattern detected.,0.65,mock
122,test,41.297101781119146,43.32355319331717,-2.0264514121980213,41.297101781119146,43.32355319331717,low,0.9444370944811966,synthetic_demo,True,real_gb,False,no_change,Deterministic mock: no high-risk pattern detected.,0.65,mock
123,test,47.14301003901832,48.06911692112904,-0.9261068821107159,47.14301003901832,48.06911692112904,low,0.9388433437807945,synthetic_demo,True,real_gb,False,simplify_ui,Deterministic mock: elevated predicted load or complexity.,0.75,mock
124,train,42.82408422057373,43.49109342084645,-0.6670092002727159,42.82408422057373,43.49109342084645,low,0.9759280529723618,synthetic_demo,True,real_gb,False,no_change,Deterministic mock: no high-risk pattern detected.,0.65,mock
125,train,30.451813151228453,40.83921032068234,-10.387397169453887,30.451813151228453,40.83921032068234,low,0.973945110822651,synthetic_demo,True,real_gb,False,no_change,Deterministic mock: no high-risk pattern detected.,0.65,mock
126,train,48.69418861465556,46.063556336717824,2.6306322779377354,48.69418861465556,46.063556336717824,low,0.937969803105299,synthetic_demo,True,real_gb,False,no_change,Deterministic mock: no high-risk pattern detected.,0.65,mock
127,train,28.4581194380228,37.262017801114325,-8.803898363091527,28.4581194380228,37.262017801114325,low,0.9576347486895138,synthetic_demo,True,real_gb,False,no_change,Deterministic mock: no high-risk pattern detected.,0.65,mock
128,train,37.97945839048362,41.34814277479213,-3.3686843843085086,37.97945839048362,41.34814277479213,low,0.9699842031135986,synthetic_demo,True,real_gb,False,no_change,Deterministic mock: no high-risk pattern detected.,0.65,mock
129,train,39.14111977182586,41.906921715799925,-2.7658019439740613,39.14111977182586,41.906921715799925,low,0.9374318335825305,synthetic_demo,True,real_gb,False,highlight_relevant,Deterministic mock: elevated time pressure.,0.7,mock
130,train,42.36495387447498,43.456851855649816,-1.0918979811748386,42.36495387447498,43.456851855649816,low,0.958700587327737,synthetic_demo,True,real_gb,False,simplify_ui,Deterministic mock: elevated predicted load or complexity.,0.75,mock
131,train,34.60739194649412,39.83571201336646,-5.228320066872342,34.60739194649412,39.83571201336646,low,0.9272591238610632,synthetic_demo,True,real_gb,False,simplify_ui,Deterministic mock: elevated predicted load or complexity.,0.75,mock
132,train,39.062378551973495,41.34144035466577,-2.2790618026922758,39.062378551973495,41.34144035466577,low,0.9173453911468572,synthetic_demo,True,real_gb,False,simplify_ui,Deterministic mock: elevated predicted load or complexity.,0.75,mock
133,train,36.39723755424594,41.32943595310748,-4.932198398861537,36.39723755424594,41.32943595310748,low,0.9390943459914327,synthetic_demo,True,real_gb,False,no_change,Deterministic mock: no high-risk pattern detected.,0.65,mock
134,train,34.286624748616354,40.08200494608941,-5.795380197473058,34.286624748616354,40.08200494608941,low,0.9388196077361578,synthetic_demo,True,real_gb,False,no_change,Deterministic mock: no high-risk pattern detected.,0.65,mock
135,train,48.61155017766549,47.48691962984445,1.1246305478210417,48.61155017766549,47.48691962984445,low,0.940864428163351,synthetic_demo,True,real_gb,False,simplify_ui,Deterministic mock: elevated predicted load or complexity.,0.75,mock
136,train,43.739879542142305,46.8177352417947,-3.077855699652396,43.739879542142305,46.8177352417947,low,0.9375678369538865,synthetic_demo,True,real_gb,False,simplify_ui,Deterministic mock: elevated predicted load or complexity.,0.75,mock
137,test,43.124995389581066,41.63278464639759,1.4922107431834775,43.124995389581066,41.63278464639759,low,0.9500922331850102,synthetic_demo,True,real_gb,False,no_change,Deterministic mock: no high-risk pattern detected.,0.65,mock
138,train,48.261063529562996,44.66871310592235,3.592350423640646,48.261063529562996,44.66871310592235,low,0.9347975278055605,synthetic_demo,True,real_gb,False,simplify_ui,Deterministic mock: elevated predicted load or complexity.,0.75,mock
139,train,45.688506845958536,46.43277409326426,-0.7442672473057215,45.688506845958536,46.43277409326426,low,0.9592234544591134,synthetic_demo,True,real_gb,False,simplify_ui,Deterministic mock: elevated predicted load or complexity.,0.75,mock
140,train,38.83196149913341,41.50593893392415,-2.6739774347907357,38.83196149913341,41.50593893392415,low,0.9568239103926525,synthetic_demo,True,real_gb,False,no_change,Deterministic mock: no high-risk pattern detected.,0.65,mock
141,test,37.584944483431535,42.58013570248582,-4.995191219054284,37.584944483431535,42.58013570248582,low,0.950744447880119,synthetic_demo,True,real_gb,False,highlight_relevant,Deterministic mock: elevated time pressure.,0.7,mock
142,train,31.134919621216746,38.232763207182174,-7.097843585965428,31.134919621216746,38.232763207182174,low,0.9505372588999406,synthetic_demo,True,real_gb,False,no_change,Deterministic mock: no high-risk pattern detected.,0.65,mock
143,train,45.41427785699337,45.139679694358904,0.2745981626344687,45.41427785699337,45.139679694358904,low,0.9568288404533785,synthetic_demo,True,real_gb,False,no_change,Deterministic mock: no high-risk pattern detected.,0.65,mock
144,train,29.756011972795093,36.73785820906847,-6.981846236273377,29.756011972795093,36.73785820906847,low,0.9303669738689453,synthetic_demo,True,real_gb,False,highlight_relevant,Deterministic mock: elevated time pressure.,0.7,mock
145,train,32.996917009628,40.274979324006964,-7.278062314378964,32.996917009628,40.274979324006964,low,0.9349650317801288,synthetic_demo,True,real_gb,False,no_change,Deterministic mock: no high-risk pattern detected.,0.65,mock
146,train,34.586883495895734,42.14471973964746,-7.55783624375173,34.586883495895734,42.14471973964746,low,0.9407381336474652,synthetic_demo,True,real_gb,False,highlight_relevant,Deterministic mock: elevated time pressure.,0.7,mock
147,train,39.780991774778634,42.18326330439932,-2.402271529620684,39.780991774778634,42.18326330439932,low,0.9267779847438437,synthetic_demo,True,real_gb,False,simplify_ui,Deterministic mock: elevated predicted load or complexity.,0.75,mock
148,train,46.590110286746906,44.292154209540136,2.29795607720677,46.590110286746906,44.292154209540136,low,0.9435662293596219,synthetic_demo,True,real_gb,False,simplify_ui,Deterministic mock: elevated predicted load or complexity.,0.75,mock
149,train,44.509461159200576,45.19499933070505,-0.6855381715044757,44.509461159200576,45.19499933070505,low,0.9348505351422459,synthetic_demo,True,real_gb,False,no_change,Deterministic mock: no high-risk pattern detected.,0.65,mock
150,train,43.2122617378246,42.5139514441264,0.6983102936981993,43.2122617378246,42.5139514441264,low,0.958249041831085,synthetic_demo,True,real_gb,False,simplify_ui,Deterministic mock: elevated predicted load or complexity.,0.75,mock
151,train,40.667565816716106,43.33166754056208,-2.664101723845974,40.667565816716106,43.33166754056208,low,0.9527941503128897,synthetic_demo,True,real_gb,False,simplify_ui,Deterministic mock: elevated predicted load or complexity.,0.75,mock
152,train,52.56450050117498,47.48328183228281,5.08121866889217,52.56450050117498,47.48328183228281,low,0.9390561187115603,synthetic_demo,True,real_gb,False,simplify_ui,Deterministic mock: elevated predicted load or complexity.,0.75,mock
153,train,42.70136529012441,41.0306535229231,1.670711767201304,42.70136529012441,41.0306535229231,low,0.9579971485082335,synthetic_demo,True,real_gb,False,no_change,Deterministic mock: no high-risk pattern detected.,0.65,mock
154,train,47.315568105340134,44.38002732663647,2.935540778703661,47.315568105340134,44.38002732663647,low,0.9541380588646285,synthetic_demo,True,real_gb,False,highlight_relevant,Deterministic mock: elevated time pressure.,0.7,mock
155,train,43.793633131628745,45.775462705465145,-1.9818295738364,43.793633131628745,45.775462705465145,low,0.9345862051301436,synthetic_demo,True,real_gb,False,simplify_ui,Deterministic mock: elevated predicted load or complexity.,0.75,mock
156,train,43.87225465618172,43.264910142735935,0.6073445134457813,43.87225465618172,43.264910142735935,low,0.956408203771236,synthetic_demo,True,real_gb,False,no_change,Deterministic mock: no high-risk pattern detected.,0.65,mock
157,train,48.80325217415038,44.97068060303378,3.8325715711166026,48.80325217415038,44.97068060303378,low,0.9557197290576159,synthetic_demo,True,real_gb,False,no_change,Deterministic mock: no high-risk pattern detected.,0.65,mock
158,train,35.757371871403755,39.59262876874384,-3.835256897340088,35.757371871403755,39.59262876874384,low,0.9320397828557161,synthetic_demo,True,real_gb,False,no_change,Deterministic mock: no high-risk pattern detected.,0.65,mock
159,train,47.456455079071844,46.61744436659056,0.8390107124812829,47.456455079071844,46.61744436659056,low,0.9453309176061354,synthetic_demo,True,real_gb,False,simplify_ui,Deterministic mock: elevated predicted load or complexity.,0.75,mock
160,train,31.754280471827684,39.58724444041889,-7.8329639685912085,31.754280471827684,39.58724444041889,low,0.9734970070256097,synthetic_demo,True,real_gb,False,no_change,Deterministic mock: no high-risk pattern detected.,0.65,mock
161,train,53.056355091055664,46.308065109344355,6.748289981711309,53.056355091055664,46.308065109344355,low,0.9317318630929549,synthetic_demo,True,real_gb,False,no_change,Deterministic mock: no high-risk pattern detected.,0.65,mock
162,train,34.361766328778465,39.88949584484253,-5.527729516064063,34.361766328778465,39.88949584484253,low,0.9610672686345705,synthetic_demo,True,real_gb,False,no_change,Deterministic mock: no high-risk pattern detected.,0.65,mock
163,train,23.578866034703527,36.89034388312841,-13.311477848424882,23.578866034703527,36.89034388312841,low,0.9333657195752774,synthetic_demo,True,real_gb,False,no_change,Deterministic mock: no high-risk pattern detected.,0.65,mock
164,train,28.776430144681026,36.124858139426,-7.348427994744977,28.776430144681026,36.124858139426,low,0.9564684390443206,synthetic_demo,True,real_gb,False,no_change,Deterministic mock: no high-risk pattern detected.,0.65,mock
165,train,26.713848743662428,39.650649368380286,-12.936800624717858,26.713848743662428,39.650649368380286,low,0.9615060770708875,synthetic_demo,True,real_gb,False,no_change,Deterministic mock: no high-risk pattern detected.,0.65,mock
166,train,42.515716698903034,44.188747923821346,-1.6730312249183115,42.515716698903034,44.188747923821346,low,0.9508781167041604,synthetic_demo,True,real_gb,False,highlight_relevant,Deterministic mock: elevated time pressure.,0.7,mock
167,test,47.29936491457437,40.50723672850461,6.79212818606976,47.29936491457437,40.50723672850461,low,0.9598937310660597,synthetic_demo,True,real_gb,False,no_change,Deterministic mock: no high-risk pattern detected.,0.65,mock
168,train,29.69813923718935,37.650008525747204,-7.951869288557855,29.69813923718935,37.650008525747204,low,0.9408424312846758,synthetic_demo,True,real_gb,False,no_change,Deterministic mock: no high-risk pattern detected.,0.65,mock
169,train,32.6729994289779,39.46842639475939,-6.795426965781488,32.6729994289779,39.46842639475939,low,0.9480788922325778,synthetic_demo,True,real_gb,False,no_change,Deterministic mock: no high-risk pattern detected.,0.65,mock
170,test,32.07961837782239,37.51902834590033,-5.439409968077939,32.07961837782239,37.51902834590033,low,0.963949994331014,synthetic_demo,True,real_gb,False,no_change,Deterministic mock: no high-risk pattern detected.,0.65,mock
171,train,28.27899053719012,36.34031106132741,-8.061320524137294,28.27899053719012,36.34031106132741,low,0.9175172984638106,synthetic_demo,True,real_gb,False,simplify_ui,Deterministic mock: elevated predicted load or complexity.,0.75,mock
172,train,44.86048814208425,43.24560677582619,1.6148813662580608,44.86048814208425,43.24560677582619,low,0.9176509347583328,synthetic_demo,True,real_gb,False,highlight_relevant,Deterministic mock: elevated time pressure.,0.7,mock
173,train,41.00642239733474,44.97466069494982,-3.9682382976150805,41.00642239733474,44.97466069494982,low,0.9244415604011321,synthetic_demo,True,real_gb,False,simplify_ui,Deterministic mock: elevated predicted load or complexity.,0.75,mock
174,train,49.63300731477025,46.633551343910575,2.999455970859678,49.63300731477025,46.633551343910575,low,0.9184670741171764,synthetic_demo,True,real_gb,False,simplify_ui,Deterministic mock: elevated predicted load or complexity.,0.75,mock
175,train,42.10218787800743,45.392321211383646,-3.290133333376218,42.10218787800743,45.392321211383646,low,0.9367039718112162,synthetic_demo,True,real_gb,False,highlight_relevant,Deterministic mock: elevated time pressure.,0.7,mock
176,train,49.262686995966426,44.41133791205054,4.851349083915885,49.262686995966426,44.41133791205054,low,0.953530241794151,synthetic_demo,True,real_gb,False,no_change,Deterministic mock: no high-risk pattern detected.,0.65,mock
177,test,39.7811517289062,42.90307075335578,-3.121919024449575,39.7811517289062,42.90307075335578,low,0.9492833678916116,synthetic_demo,True,real_gb,False,no_change,Deterministic mock: no high-risk pattern detected.,0.65,mock
178,train,49.2035624004831,46.96642437789832,2.23713802258478,49.2035624004831,46.96642437789832,low,0.937288037868803,synthetic_demo,True,real_gb,False,simplify_ui,Deterministic mock: elevated predicted load or complexity.,0.75,mock
179,train,42.80324327280362,42.83151135253897,-0.02826807973534784,42.80324327280362,42.83151135253897,low,0.9293378340760419,synthetic_demo,True,real_gb,False,highlight_relevant,Deterministic mock: elevated time pressure.,0.7,mock
180,train,28.500404073395686,37.79448098237069,-9.294076908975008,28.500404073395686,37.79448098237069,low,0.9635395858667958,synthetic_demo,True,real_gb,False,no_change,Deterministic mock: no high-risk pattern detected.,0.65,mock
181,train,37.39768818055703,42.32026395689167,-4.922575776334639,37.39768818055703,42.32026395689167,low,0.9326822902160279,synthetic_demo,True,real_gb,False,simplify_ui,Deterministic mock: elevated predicted load or complexity.,0.75,mock
182,test,46.934356687632075,45.47175530297648,1.462601384655592,46.934356687632075,45.47175530297648,low,0.9088601615312496,synthetic_demo,True,real_gb,False,simplify_ui,Deterministic mock: elevated predicted load or complexity.,0.75,mock
183,train,49.69141194514785,44.94523892612263,4.746173019025221,49.69141194514785,44.94523892612263,low,0.9297635645644101,synthetic_demo,True,real_gb,False,simplify_ui,Deterministic mock: elevated predicted load or complexity.,0.75,mock
184,train,38.885455700805466,41.97645392873488,-3.0909982279294113,38.885455700805466,41.97645392873488,low,0.9182519469241952,synthetic_demo,True,real_gb,False,highlight_relevant,Deterministic mock: elevated time pressure.,0.7,mock
185,train,24.466548363126584,37.53215460040475,-13.065606237278168,24.466548363126584,37.53215460040475,low,0.9420051580736293,synthetic_demo,True,real_gb,False,no_change,Deterministic mock: no high-risk pattern detected.,0.65,mock
186,train,32.4635492754783,41.43792330892431,-8.974374033446011,32.4635492754783,41.43792330892431,low,0.9177224568580703,synthetic_demo,True,real_gb,False,highlight_relevant,Deterministic mock: elevated time pressure.,0.7,mock
187,test,46.338156028490246,45.17429000151475,1.163866026975498,46.338156028490246,45.17429000151475,low,0.9643675233740651,synthetic_demo,True,real_gb,False,simplify_ui,Deterministic mock: elevated predicted load or complexity.,0.75,mock
188,test,37.87466125562513,42.12358156552578,-4.2489203099006545,37.87466125562513,42.12358156552578,low,0.9380762323966049,synthetic_demo,True,real_gb,False,highlight_relevant,Deterministic mock: elevated time pressure.,0.7,mock
189,test,49.17915014581014,46.046137158443166,3.1330129873669748,49.17915014581014,46.046137158443166,low,0.9395541994012239,synthetic_demo,True,real_gb,False,simplify_ui,Deterministic mock: elevated predicted load or complexity.,0.75,mock
190,test,53.04607198551735,46.57712844355423,6.468943541963121,53.04607198551735,46.57712844355423,low,0.9294199849449576,synthetic_demo,True,real_gb,False,no_change,Deterministic mock: no high-risk pattern detected.,0.65,mock
191,train,29.10538951774798,38.249772722288036,-9.144383204540055,29.10538951774798,38.249772722288036,low,0.9116306308020007,synthetic_demo,True,real_gb,False,no_change,Deterministic mock: no high-risk pattern detected.,0.65,mock
192,train,51.54413842436235,47.15792968610312,4.386208738259235,51.54413842436235,47.15792968610312,low,0.9574209657997843,synthetic_demo,True,real_gb,False,simplify_ui,Deterministic mock: elevated predicted load or complexity.,0.75,mock
193,train,49.2857953008693,47.972721024167285,1.313074276702018,49.2857953008693,47.972721024167285,low,0.9439894634185144,synthetic_demo,True,real_gb,False,simplify_ui,Deterministic mock: elevated predicted load or complexity.,0.75,mock
194,train,39.44044096130003,41.292623852481405,-1.8521828911813785,39.44044096130003,41.292623852481405,low,0.9349669083254715,synthetic_demo,True,real_gb,False,simplify_ui,Deterministic mock: elevated predicted load or complexity.,0.75,mock
195,test,44.38527702383092,42.83530688116491,1.5499701426660124,44.38527702383092,42.83530688116491,low,0.9458715376013792,synthetic_demo,True,real_gb,False,highlight_relevant,Deterministic mock: elevated time pressure.,0.7,mock
196,train,42.14371427659051,44.167911257832465,-2.024196981241957,42.14371427659051,44.167911257832465,low,0.9308843428462654,synthetic_demo,True,real_gb,False,simplify_ui,Deterministic mock: elevated predicted load or complexity.,0.75,mock
197,train,42.339739917120035,41.218600363882786,1.1211395532372492,42.339739917120035,41.218600363882786,low,0.9825581309587169,synthetic_demo,True,real_gb,False,no_change,Deterministic mock: no high-risk pattern detected.,0.65,mock
198,train,42.453189179325854,42.949924104724104,-0.4967349253982505,42.453189179325854,42.949924104724104,low,0.9346291527530208,synthetic_demo,True,real_gb,False,simplify_ui,Deterministic mock: elevated predicted load or complexity.,0.75,mock
199,train,33.068611508898485,37.758640888005054,-4.690029379106569,33.068611508898485,37.758640888005054,low,0.9354126858740954,synthetic_demo,True,real_gb,False,highlight_relevant,Deterministic mock: elevated time pressure.,0.7,mock
200,train,33.40938387251147,39.01859952106424,-5.6092156485527696,33.40938387251147,39.01859952106424,low,0.9790442700001882,synthetic_demo,True,real_gb,False,no_change,Deterministic mock: no high-risk pattern detected.,0.65,mock
201,train,50.458562227891115,45.31768886806539,5.140873359825726,50.458562227891115,45.31768886806539,low,0.9670926161406103,synthetic_demo,True,real_gb,False,no_change,Deterministic mock: no high-risk pattern detected.,0.65,mock
202,train,37.39324188008881,39.00402393437692,-1.6107820542881086,37.39324188008881,39.00402393437692,low,0.9513212958866232,synthetic_demo,True,real_gb,False,no_change,Deterministic mock: no high-risk pattern detected.,0.65,mock
203,train,40.29677352499459,43.23517030871085,-2.9383967837162572,40.29677352499459,43.23517030871085,low,0.933523711457666,synthetic_demo,True,real_gb,False,highlight_relevant,Deterministic mock: elevated time pressure.,0.7,mock
204,train,38.56596050022081,42.86106600010734,-4.295105499886532,38.56596050022081,42.86106600010734,low,0.9445287735286826,synthetic_demo,True,real_gb,False,simplify_ui,Deterministic mock: elevated predicted load or complexity.,0.75,mock
205,train,44.26374733870108,42.31161288461447,1.952134454086611,44.26374733870108,42.31161288461447,low,0.910199114822769,synthetic_demo,True,real_gb,False,simplify_ui,Deterministic mock: elevated predicted load or complexity.,0.75,mock
206,train,39.81502360846119,41.29102526745022,-1.4760016589890341,39.81502360846119,41.29102526745022,low,0.9698205283004844,synthetic_demo,True,real_gb,False,no_change,Deterministic mock: no high-risk pattern detected.,0.65,mock
207,train,44.33229948581466,45.4976498674441,-1.1653503816294446,44.33229948581466,45.4976498674441,low,0.9397929055805757,synthetic_demo,True,real_gb,False,simplify_ui,Deterministic mock: elevated predicted load or complexity.,0.75,mock
208,train,46.372904788751455,46.04456869332114,0.3283360954303163,46.372904788751455,46.04456869332114,low,0.9283575969375235,synthetic_demo,True,real_gb,False,simplify_ui,Deterministic mock: elevated predicted load or complexity.,0.75,mock
209,train,39.86911561469346,40.80496440524867,-0.9358487905552053,39.86911561469346,40.80496440524867,low,0.9429456150951374,synthetic_demo,True,real_gb,False,highlight_relevant,Deterministic mock: elevated time pressure.,0.7,mock
210,train,40.760012155471145,44.43886146665476,-3.678849311183612,40.760012155471145,44.43886146665476,low,0.9519035653057931,synthetic_demo,True,real_gb,False,no_change,Deterministic mock: no high-risk pattern detected.,0.65,mock
211,train,42.283928090207006,41.607547350268504,0.6763807399385016,42.283928090207006,41.607547350268504,low,0.9753208535425618,synthetic_demo,True,real_gb,False,no_change,Deterministic mock: no high-risk pattern detected.,0.65,mock
212,test,51.4100173100782,45.610607109720455,5.799410200357748,51.4100173100782,45.610607109720455,low,0.9448310041663888,synthetic_demo,True,real_gb,False,simplify_ui,Deterministic mock: elevated predicted load or complexity.,0.75,mock
213,train,34.39021483209121,39.90105263163115,-5.510837799539942,34.39021483209121,39.90105263163115,low,0.9472052100190869,synthetic_demo,True,real_gb,False,no_change,Deterministic mock: no high-risk pattern detected.,0.65,mock
214,train,41.928569772787135,41.009809451861145,0.9187603209259905,41.928569772787135,41.009809451861145,low,0.9627392449740796,synthetic_demo,True,real_gb,False,no_change,Deterministic mock: no high-risk pattern detected.,0.65,mock
215,train,31.112970895702546,37.479972098683376,-6.3670012029808305,31.112970895702546,37.479972098683376,low,0.9633430836558662,synthetic_demo,True,real_gb,False,no_change,Deterministic mock: no high-risk pattern detected.,0.65,mock
216,train,34.40953836241538,38.95744198671958,-4.5479036243041975,34.40953836241538,38.95744198671958,low,0.9561601614167198,synthetic_demo,True,real_gb,False,no_change,Deterministic mock: no high-risk pattern detected.,0.65,mock
217,train,51.138784646960076,48.51533294311234,2.623451703847735,51.138784646960076,48.51533294311234,low,0.9412801913945253,synthetic_demo,True,real_gb,False,simplify_ui,Deterministic mock: elevated predicted load or complexity.,0.75,mock
218,train,48.65991782275748,45.97074490534898,2.6891729174084986,48.65991782275748,45.97074490534898,low,0.930109751143729,synthetic_demo,True,real_gb,False,no_change,Deterministic mock: no high-risk pattern detected.,0.65,mock
219,train,42.140612972004156,41.970171382768754,0.1704415892354021,42.140612972004156,41.970171382768754,low,0.9592400151790507,synthetic_demo,True,real_gb,False,no_change,Deterministic mock: no high-risk pattern detected.,0.65,mock
220,train,43.034971281586834,41.47078448897986,1.564186792606975,43.034971281586834,41.47078448897986,low,0.9609689752317854,synthetic_demo,True,real_gb,False,simplify_ui,Deterministic mock: elevated predicted load or complexity.,0.75,mock
221,test,51.312148275441224,43.22196502565336,8.090183249787863,51.312148275441224,43.22196502565336,low,0.959097666696379,synthetic_demo,True,real_gb,False,no_change,Deterministic mock: no high-risk pattern detected.,0.65,mock
222,train,40.84685903708025,43.19079813478881,-2.3439390977085566,40.84685903708025,43.19079813478881,low,0.9620474215250137,synthetic_demo,True,real_gb,False,simplify_ui,Deterministic mock: elevated predicted load or complexity.,0.75,mock
223,train,38.61359979247679,40.904394140404854,-2.2907943479280632,38.61359979247679,40.904394140404854,low,0.946025954884633,synthetic_demo,True,real_gb,False,no_change,Deterministic mock: no high-risk pattern detected.,0.65,mock
224,train,38.767896630172224,41.25012508193186,-2.4822284517596387,38.767896630172224,41.25012508193186,low,0.9551706120022637,synthetic_demo,True,real_gb,False,no_change,Deterministic mock: no high-risk pattern detected.,0.65,mock
225,train,51.57186314245988,48.886325735766974,2.6855374066929087,51.57186314245988,48.886325735766974,low,0.9454896616274587,synthetic_demo,True,real_gb,False,simplify_ui,Deterministic mock: elevated predicted load or complexity.,0.75,mock
226,train,35.80170682907613,42.61167451295321,-6.809967683877076,35.80170682907613,42.61167451295321,low,0.957984455831159,synthetic_demo,True,real_gb,False,no_change,Deterministic mock: no high-risk pattern detected.,0.65,mock
227,test,47.80393176631145,45.20436309235932,2.5995686739521275,47.80393176631145,45.20436309235932,low,0.9586977247060704,synthetic_demo,True,real_gb,False,no_change,Deterministic mock: no high-risk pattern detected.,0.65,mock
228,train,32.784461252854946,40.75263781629867,-7.968176563443727,32.784461252854946,40.75263781629867,low,0.9258069996484807,synthetic_demo,True,real_gb,False,highlight_relevant,Deterministic mock: elevated time pressure.,0.7,mock
229,train,42.739009796309944,42.78173804039127,-0.04272824408132436,42.739009796309944,42.78173804039127,low,0.9624256859816438,synthetic_demo,True,real_gb,False,no_change,Deterministic mock: no high-risk pattern detected.,0.65,mock
230,train,36.370704047556444,42.093206895216326,-5.722502847659882,36.370704047556444,42.093206895216326,low,0.9411878687770598,synthetic_demo,True,real_gb,False,highlight_relevant,Deterministic mock: elevated time pressure.,0.7,mock
231,train,38.24185904284153,39.121980933206416,-0.8801218903648831,38.24185904284153,39.121980933206416,low,0.9298747473328695,synthetic_demo,True,real_gb,False,no_change,Deterministic mock: no high-risk pattern detected.,0.65,mock
232,train,34.4284352505436,39.38032222072937,-4.951886970185768,34.4284352505436,39.38032222072937,low,0.9440403330870034,synthetic_demo,True,real_gb,False,no_change,Deterministic mock: no high-risk pattern detected.,0.65,mock
233,train,44.1838715587347,45.00707143119884,-0.8231998724641372,44.1838715587347,45.00707143119884,low,0.9576366987419275,synthetic_demo,True,real_gb,False,simplify_ui,Deterministic mock: elevated predicted load or complexity.,0.75,mock
234,train,53.131815305025334,48.50266114327686,4.629154161748474,53.131815305025334,48.50266114327686,low,0.9302853198888318,synthetic_demo,True,real_gb,False,simplify_ui,Deterministic mock: elevated predicted load or complexity.,0.75,mock
235,train,40.639123223462036,43.74211846394936,-3.1029952404873242,40.639123223462036,43.74211846394936,low,0.9429157508618141,synthetic_demo,True,real_gb,False,highlight_relevant,Deterministic mock: elevated time pressure.,0.7,mock
236,train,32.81848490758297,39.414881411165204,-6.596396503582234,32.81848490758297,39.414881411165204,low,0.9545374636673185,synthetic_demo,True,real_gb,False,highlight_relevant,Deterministic mock: elevated time pressure.,0.7,mock
237,train,30.795034701340768,37.329692932495185,-6.534658231154417,30.795034701340768,37.329692932495185,low,0.9328962481462522,synthetic_demo,True,real_gb,False,highlight_relevant,Deterministic mock: elevated time pressure.,0.7,mock
238,train,45.55797277958901,44.409165629904564,1.148807149684444,45.55797277958901,44.409165629904564,low,0.9565089067901861,synthetic_demo,True,real_gb,False,simplify_ui,Deterministic mock: elevated predicted load or complexity.,0.75,mock
239,train,42.49943628276014,43.36553687869027,-0.8661005959301278,42.49943628276014,43.36553687869027,low,0.9266444625286888,synthetic_demo,True,real_gb,False,simplify_ui,Deterministic mock: elevated predicted load or complexity.,0.75,mock
240,train,39.362702674928855,42.56444071256053,-3.201738037631678,39.362702674928855,42.56444071256053,low,0.914821673438315,synthetic_demo,True,real_gb,False,simplify_ui,Deterministic mock: elevated predicted load or complexity.,0.75,mock
241,train,39.46149589348335,41.419022992307795,-1.9575270988244426,39.46149589348335,41.419022992307795,low,0.9426899487410908,synthetic_demo,True,real_gb,False,no_change,Deterministic mock: no high-risk pattern detected.,0.65,mock
242,train,51.58150556293719,48.71811374914558,2.8633918137916083,51.58150556293719,48.71811374914558,low,0.9024640184522935,synthetic_demo,True,real_gb,False,simplify_ui,Deterministic mock: elevated predicted load or complexity.,0.75,mock
243,train,33.08703945422747,37.66023283660852,-4.573193382381049,33.08703945422747,37.66023283660852,low,0.9481831790244297,synthetic_demo,True,real_gb,False,no_change,Deterministic mock: no high-risk pattern detected.,0.65,mock
244,train,39.341084948279594,43.28462487598007,-3.9435399277004777,39.341084948279594,43.28462487598007,low,0.9465421710880348,synthetic_demo,True,real_gb,False,no_change,Deterministic mock: no high-risk pattern detected.,0.65,mock
245,train,36.37633219648833,40.556244395598014,-4.179912199109687,36.37633219648833,40.556244395598014,low,0.913798846733544,synthetic_demo,True,real_gb,False,highlight_relevant,Deterministic mock: elevated time pressure.,0.7,mock
246,train,37.489223042359335,38.98541130146306,-1.4961882591037252,37.489223042359335,38.98541130146306,low,0.9663037199179727,synthetic_demo,True,real_gb,False,no_change,Deterministic mock: no high-risk pattern detected.,0.65,mock
247,train,59.88112689587881,50.58142649016396,9.299700405714844,59.88112689587881,50.58142649016396,moderate,0.9412325704783333,synthetic_demo,True,real_gb,False,simplify_ui,Deterministic mock: elevated predicted load or complexity.,0.75,mock
248,train,47.297663846774974,47.86306985977997,-0.5654060130049956,47.297663846774974,47.86306985977997,low,0.9403795430192334,synthetic_demo,True,real_gb,False,simplify_ui,Deterministic mock: elevated predicted load or complexity.,0.75,mock
249,train,27.75951237422666,37.54208455012862,-9.782572175901961,27.75951237422666,37.54208455012862,low,0.9211359851868919,synthetic_demo,True,real_gb,False,highlight_relevant,Deterministic mock: elevated time pressure.,0.7,mock
250,train,41.77210585472804,41.57247245869479,0.19963339603324926,41.77210585472804,41.57247245869479,low,0.9417938947836798,synthetic_demo,True,real_gb,False,no_change,Deterministic mock: no high-risk pattern detected.,0.65,mock
251,train,38.376048877428374,41.642304204548765,-3.2662553271203905,38.376048877428374,41.642304204548765,low,0.9363893926190474,synthetic_demo,True,real_gb,False,no_change,Deterministic mock: no high-risk pattern detected.,0.65,mock
252,train,27.423580141880638,37.97877545152657,-10.555195309645935,27.423580141880638,37.97877545152657,low,0.9646858341997407,synthetic_demo,True,real_gb,False,simplify_ui,Deterministic mock: elevated predicted load or complexity.,0.75,mock
253,train,41.17733243099392,42.417262800696854,-1.2399303697029325,41.17733243099392,42.417262800696854,low,0.9440842728823458,synthetic_demo,True,real_gb,False,no_change,Deterministic mock: no high-risk pattern detected.,0.65,mock
254,train,40.11965251988695,40.6470921729366,-0.5274396530496546,40.11965251988695,40.6470921729366,low,0.9619805428727662,synthetic_demo,True,real_gb,False,no_change,Deterministic mock: no high-risk pattern detected.,0.65,mock
255,train,36.81300505384915,41.27559458862245,-4.462589534773294,36.81300505384915,41.27559458862245,low,0.9393548756266469,synthetic_demo,True,real_gb,False,highlight_relevant,Deterministic mock: elevated time pressure.,0.7,mock
256,train,47.285402070131454,43.91230435353817,3.3730977165932856,47.285402070131454,43.91230435353817,low,0.9391647960091841,synthetic_demo,True,real_gb,False,highlight_relevant,Deterministic mock: elevated time pressure.,0.7,mock
257,train,37.18989981710006,40.33673151864505,-3.14683170154499,37.18989981710006,40.33673151864505,low,0.95286470129058,synthetic_demo,True,real_gb,False,highlight_relevant,Deterministic mock: elevated time pressure.,0.7,mock
258,train,42.840864381576345,42.26019323858974,0.5806711429866027,42.840864381576345,42.26019323858974,low,0.9368170950192918,synthetic_demo,True,real_gb,False,simplify_ui,Deterministic mock: elevated predicted load or complexity.,0.75,mock
259,train,36.5253554896043,39.93790101215956,-3.4125455225552557,36.5253554896043,39.93790101215956,low,0.9301414416261509,synthetic_demo,True,real_gb,False,highlight_relevant,Deterministic mock: elevated time pressure.,0.7,mock
260,train,47.181400698885234,44.71883106212889,2.462569636756342,47.181400698885234,44.71883106212889,low,0.9549746800082602,synthetic_demo,True,real_gb,False,no_change,Deterministic mock: no high-risk pattern detected.,0.65,mock
261,train,29.03815487244814,36.674324710609504,-7.636169838161365,29.03815487244814,36.674324710609504,low,0.922348872097945,synthetic_demo,True,real_gb,False,no_change,Deterministic mock: no high-risk pattern detected.,0.65,mock
262,train,39.68848474649852,40.72118794210089,-1.0327031956023731,39.68848474649852,40.72118794210089,low,0.9355522978080261,synthetic_demo,True,real_gb,False,no_change,Deterministic mock: no high-risk pattern detected.,0.65,mock
263,train,27.138425096569783,36.469038910240656,-9.330613813670873,27.138425096569783,36.469038910240656,low,0.9636034021126508,synthetic_demo,True,real_gb,False,no_change,Deterministic mock: no high-risk pattern detected.,0.65,mock
264,train,33.04921001447247,36.84065807701209,-3.791448062539615,33.04921001447247,36.84065807701209,low,0.9618108703692823,synthetic_demo,True,real_gb,False,no_change,Deterministic mock: no high-risk pattern detected.,0.65,mock
265,train,44.33552494415869,45.13053785077059,-0.7950129066118947,44.33552494415869,45.13053785077059,low,0.9226153572864013,synthetic_demo,True,real_gb,False,highlight_relevant,Deterministic mock: elevated time pressure.,0.7,mock
266,test,50.335720533685624,45.35631260007891,4.979407933606716,50.335720533685624,45.35631260007891,low,0.9299626156298452,synthetic_demo,True,real_gb,False,highlight_relevant,Deterministic mock: elevated time pressure.,0.7,mock
267,test,36.922695522431276,42.30864534092931,-5.385949818498034,36.922695522431276,42.30864534092931,low,0.9500749305649131,synthetic_demo,True,real_gb,False,no_change,Deterministic mock: no high-risk pattern detected.,0.65,mock
268,train,34.35048806426379,41.02496566608364,-6.674477601819845,34.35048806426379,41.02496566608364,low,0.9492612135359407,synthetic_demo,True,real_gb,False,no_change,Deterministic mock: no high-risk pattern detected.,0.65,mock
269,train,37.23393501148218,40.98337755121708,-3.7494425397349005,37.23393501148218,40.98337755121708,low,0.9358965374460714,synthetic_demo,True,real_gb,False,simplify_ui,Deterministic mock: elevated predicted load or complexity.,0.75,mock
270,train,39.85148802004415,41.73620300437185,-1.884714984327701,39.85148802004415,41.73620300437185,low,0.9257084754080347,synthetic_demo,True,real_gb,False,no_change,Deterministic mock: no high-risk pattern detected.,0.65,mock
271,train,32.15807412170784,39.58508188314859,-7.427007761440748,32.15807412170784,39.58508188314859,low,0.9314021356181497,synthetic_demo,True,real_gb,False,simplify_ui,Deterministic mock: elevated predicted load or complexity.,0.75,mock
272,test,38.561447905684815,42.63288933233071,-4.071441426645897,38.561447905684815,42.63288933233071,low,0.932724615383527,synthetic_demo,True,real_gb,False,no_change,Deterministic mock: no high-risk pattern detected.,0.65,mock
273,train,29.714630835517653,37.399685951836645,-7.685055116318992,29.714630835517653,37.399685951836645,low,0.9657513485285261,synthetic_demo,True,real_gb,False,no_change,Deterministic mock: no high-risk pattern detected.,0.65,mock
274,train,54.899940140068495,48.03216332233416,6.867776817734331,54.899940140068495,48.03216332233416,low,0.9433643586328848,synthetic_demo,True,real_gb,False,highlight_relevant,Deterministic mock: elevated time pressure.,0.7,mock
275,test,43.064083470972356,45.818067601789316,-2.75398413081696,43.064083470972356,45.818067601789316,low,0.9333572254609884,synthetic_demo,True,real_gb,False,highlight_relevant,Deterministic mock: elevated time pressure.,0.7,mock
276,train,34.146666420156805,41.09841671106732,-6.9517502909105175,34.146666420156805,41.09841671106732,low,0.9590423628315266,synthetic_demo,True,real_gb,False,no_change,Deterministic mock: no high-risk pattern detected.,0.65,mock
277,test,47.44941644602954,44.29535227983435,3.154064166195191,47.44941644602954,44.29535227983435,low,0.9404764291005845,synthetic_demo,True,real_gb,False,highlight_relevant,Deterministic mock: elevated time pressure.,0.7,mock
278,train,49.73355505508916,43.91121453246512,5.822340522624046,49.73355505508916,43.91121453246512,low,0.9658330419589288,synthetic_demo,True,real_gb,False,no_change,Deterministic mock: no high-risk pattern detected.,0.65,mock
279,test,46.52412817487011,46.47233148554434,0.05179668932576931,46.52412817487011,46.47233148554434,low,0.9418953150686106,synthetic_demo,True,real_gb,False,no_change,Deterministic mock: no high-risk pattern detected.,0.65,mock
280,train,36.53016469843897,41.78865561228727,-5.2584909138482985,36.53016469843897,41.78865561228727,low,0.938076441317612,synthetic_demo,True,real_gb,False,no_change,Deterministic mock: no high-risk pattern detected.,0.65,mock
281,train,34.07871399808542,37.746805621579746,-3.668091623494327,34.07871399808542,37.746805621579746,low,0.9477395464266956,synthetic_demo,True,real_gb,False,no_change,Deterministic mock: no high-risk pattern detected.,0.65,mock
282,train,42.32911701939501,42.70914091343319,-0.3800238940381817,42.32911701939501,42.70914091343319,low,0.9633714456052654,synthetic_demo,True,real_gb,False,no_change,Deterministic mock: no high-risk pattern detected.,0.65,mock
283,train,40.29211324304872,42.2617468880284,-1.9696336449796803,40.29211324304872,42.2617468880284,low,0.9536300851541947,synthetic_demo,True,real_gb,False,no_change,Deterministic mock: no high-risk pattern detected.,0.65,mock
284,train,26.276138714025876,36.356193487588314,-10.080054773562438,26.276138714025876,36.356193487588314,low,0.9264799322348554,synthetic_demo,True,real_gb,False,no_change,Deterministic mock: no high-risk pattern detected.,0.65,mock
285,train,41.57909250978487,42.58529502970809,-1.006202519923221,41.57909250978487,42.58529502970809,low,0.9404939021905288,synthetic_demo,True,real_gb,False,highlight_relevant,Deterministic mock: elevated time pressure.,0.7,mock
286,test,30.542991935421416,39.88488337463933,-9.341891439217914,30.542991935421416,39.88488337463933,low,0.9242922319629723,synthetic_demo,True,real_gb,False,no_change,Deterministic mock: no high-risk pattern detected.,0.65,mock
287,test,29.3023859661208,37.53136631611954,-8.22898034999874,29.3023859661208,37.53136631611954,low,0.9747098500145227,synthetic_demo,True,real_gb,False,no_change,Deterministic mock: no high-risk pattern detected.,0.65,mock
288,train,56.63464018128541,49.52519184906463,7.109448332220779,56.63464018128541,49.52519184906463,low,0.9229696984021287,synthetic_demo,True,real_gb,False,highlight_relevant,Deterministic mock: elevated time pressure.,0.7,mock
289,train,44.37807117874266,42.7684666607919,1.609604517950757,44.37807117874266,42.7684666607919,low,0.904938932071016,synthetic_demo,True,real_gb,False,no_change,Deterministic mock: no high-risk pattern detected.,0.65,mock
290,test,37.82587059564509,41.106906294110914,-3.2810356984658213,37.82587059564509,41.106906294110914,low,0.9521031665194897,synthetic_demo,True,real_gb,False,no_change,Deterministic mock: no high-risk pattern detected.,0.65,mock
291,train,27.494290944189608,37.95859910485777,-10.46430816066816,27.494290944189608,37.95859910485777,low,0.9356457796239369,synthetic_demo,True,real_gb,False,highlight_relevant,Deterministic mock: elevated time pressure.,0.7,mock
292,train,39.6368359942175,42.81133697037346,-3.1745009761559615,39.6368359942175,42.81133697037346,low,0.9695495715065192,synthetic_demo,True,real_gb,False,simplify_ui,Deterministic mock: elevated predicted load or complexity.,0.75,mock
293,train,27.280058059002492,36.23955191588196,-8.959493856879469,27.280058059002492,36.23955191588196,low,0.9728868558713935,synthetic_demo,True,real_gb,False,no_change,Deterministic mock: no high-risk pattern detected.,0.65,mock
294,train,43.490579671040024,44.25848384694382,-0.7679041759037943,43.490579671040024,44.25848384694382,low,0.9444707013443767,synthetic_demo,True,real_gb,False,simplify_ui,Deterministic mock: elevated predicted load or complexity.,0.75,mock
295,train,34.141569961596815,40.9580679314318,-6.816497969834984,34.141569961596815,40.9580679314318,low,0.9502068175549648,synthetic_demo,True,real_gb,False,no_change,Deterministic mock: no high-risk pattern detected.,0.65,mock
296,test,31.112763329341668,39.302367797167,-8.189604467825333,31.112763329341668,39.302367797167,low,0.961539592753441,synthetic_demo,True,real_gb,False,highlight_relevant,Deterministic mock: elevated time pressure.,0.7,mock
297,train,57.19350982545133,50.451451728600446,6.742058096850883,57.19350982545133,50.451451728600446,moderate,0.9305190557719643,synthetic_demo,True,real_gb,False,simplify_ui,Deterministic mock: elevated predicted load or complexity.,0.75,mock
298,train,47.19941423046855,45.85085796197512,1.3485562684934251,47.19941423046855,45.85085796197512,low,0.9445890690632649,synthetic_demo,True,real_gb,False,simplify_ui,Deterministic mock: elevated predicted load or complexity.,0.75,mock
299,train,44.84542541761496,44.31355158967064,0.5318738279443238,44.84542541761496,44.31355158967064,low,0.944025307392514,synthetic_demo,True,real_gb,False,highlight_relevant,Deterministic mock: elevated time pressure.,0.7,mock
300,test,46.872831049015126,45.84958541030899,1.0232456387061362,46.872831049015126,45.84958541030899,low,0.9530891632347096,synthetic_demo,True,real_gb,False,simplify_ui,Deterministic mock: elevated predicted load or complexity.,0.75,mock
301,test,34.04783015226276,42.60564084187993,-8.55781068961717,34.04783015226276,42.60564084187993,low,0.9458515771988583,synthetic_demo,True,real_gb,False,simplify_ui,Deterministic mock: elevated predicted load or complexity.,0.75,mock
302,train,34.720591710714025,41.17257193169066,-6.451980220976637,34.720591710714025,41.17257193169066,low,0.9429944198840395,synthetic_demo,True,real_gb,False,no_change,Deterministic mock: no high-risk pattern detected.,0.65,mock
303,test,45.724964152472424,48.08511566852267,-2.3601515160502444,45.724964152472424,48.08511566852267,low,0.9174395427586222,synthetic_demo,True,real_gb,False,simplify_ui,Deterministic mock: elevated predicted load or complexity.,0.75,mock
304,train,41.24512660420795,42.48738924722093,-1.2422626430129853,41.24512660420795,42.48738924722093,low,0.9759843248332561,synthetic_demo,True,real_gb,False,no_change,Deterministic mock: no high-risk pattern detected.,0.65,mock
305,train,41.370834775069895,42.30763045909501,-0.9367956840251139,41.370834775069895,42.30763045909501,low,0.9268653123533392,synthetic_demo,True,real_gb,False,no_change,Deterministic mock: no high-risk pattern detected.,0.65,mock
306,train,30.72333231145066,39.55477152525801,-8.831439213807354,30.72333231145066,39.55477152525801,low,0.9446202665869947,synthetic_demo,True,real_gb,False,no_change,Deterministic mock: no high-risk pattern detected.,0.65,mock
307,train,46.54482417521668,45.02369515944803,1.5211290157686506,46.54482417521668,45.02369515944803,low,0.9481575782336352,synthetic_demo,True,real_gb,False,highlight_relevant,Deterministic mock: elevated time pressure.,0.7,mock
308,train,45.19078425564032,42.5873337156182,2.6034505400221164,45.19078425564032,42.5873337156182,low,0.9364363781674638,synthetic_demo,True,real_gb,False,no_change,Deterministic mock: no high-risk pattern detected.,0.65,mock
309,train,44.19666622115308,41.75807013597618,2.438596085176897,44.19666622115308,41.75807013597618,low,0.9348152951818913,synthetic_demo,True,real_gb,False,no_change,Deterministic mock: no high-risk pattern detected.,0.65,mock
310,train,44.10059904273383,44.28725317502868,-0.18665413229484784,44.10059904273383,44.28725317502868,low,0.9199583152353273,synthetic_demo,True,real_gb,False,highlight_relevant,Deterministic mock: elevated time pressure.,0.7,mock
311,test,30.944216693832242,38.00494614673682,-7.060729452904578,30.944216693832242,38.00494614673682,low,0.9475304674453214,synthetic_demo,True,real_gb,False,no_change,Deterministic mock: no high-risk pattern detected.,0.65,mock
312,train,32.83016098705909,36.975692362421675,-4.145531375362587,32.83016098705909,36.975692362421675,low,0.9608778716801392,synthetic_demo,True,real_gb,False,no_change,Deterministic mock: no high-risk pattern detected.,0.65,mock
313,test,49.20021338000777,43.86192264115325,5.338290738854518,49.20021338000777,43.86192264115325,low,0.9729246001104176,synthetic_demo,True,real_gb,False,no_change,Deterministic mock: no high-risk pattern detected.,0.65,mock
314,test,29.291672132146708,40.83530121197311,-11.543629079826403,29.291672132146708,40.83530121197311,low,0.942758579634075,synthetic_demo,True,real_gb,False,highlight_relevant,Deterministic mock: elevated time pressure.,0.7,mock
315,train,40.60253246867382,42.08205401801796,-1.4795215493441418,40.60253246867382,42.08205401801796,low,0.9455681646592252,synthetic_demo,True,real_gb,False,no_change,Deterministic mock: no high-risk pattern detected.,0.65,mock
316,train,29.065028568789714,37.98693624012471,-8.921907671335,29.065028568789714,37.98693624012471,low,0.9410101534188962,synthetic_demo,True,real_gb,False,no_change,Deterministic mock: no high-risk pattern detected.,0.65,mock
317,test,44.05701695274398,45.63632667701412,-1.5793097242701393,44.05701695274398,45.63632667701412,low,0.9670214973034135,synthetic_demo,True,real_gb,False,no_change,Deterministic mock: no high-risk pattern detected.,0.65,mock
318,train,41.400872750685664,43.37572922122006,-1.974856470534398,41.400872750685664,43.37572922122006,low,0.9239578056310453,synthetic_demo,True,real_gb,False,simplify_ui,Deterministic mock: elevated predicted load or complexity.,0.75,mock
319,train,45.51042026740572,44.52707995844962,0.9833403089561017,45.51042026740572,44.52707995844962,low,0.9321905495298672,synthetic_demo,True,real_gb,False,highlight_relevant,Deterministic mock: elevated time pressure.,0.7,mock
320,train,26.099055865275933,37.225460140178924,-11.126404274902992,26.099055865275933,37.225460140178924,low,0.9641415411096059,synthetic_demo,True,real_gb,False,no_change,Deterministic mock: no high-risk pattern detected.,0.65,mock
321,train,44.0757602748921,44.32590752697936,-0.25014725208725963,44.0757602748921,44.32590752697936,low,0.9392864839201651,synthetic_demo,True,real_gb,False,simplify_ui,Deterministic mock: elevated predicted load or complexity.,0.75,mock
322,train,48.23166469504617,46.080432936897374,2.1512317581487963,48.23166469504617,46.080432936897374,low,0.9272439151109124,synthetic_demo,True,real_gb,False,simplify_ui,Deterministic mock: elevated predicted load or complexity.,0.75,mock
323,test,45.22487519648802,45.68984208654815,-0.4649668900601256,45.22487519648802,45.68984208654815,low,0.9241655791527201,synthetic_demo,True,real_gb,False,simplify_ui,Deterministic mock: elevated predicted load or complexity.,0.75,mock
324,train,46.898639754704284,45.2171050923829,1.6815346623213827,46.898639754704284,45.2171050923829,low,0.9462121653327076,synthetic_demo,True,real_gb,False,no_change,Deterministic mock: no high-risk pattern detected.,0.65,mock
325,train,38.65209382613331,41.476821109235196,-2.824727283101886,38.65209382613331,41.476821109235196,low,0.9406152206443159,synthetic_demo,True,real_gb,False,highlight_relevant,Deterministic mock: elevated time pressure.,0.7,mock
326,train,51.4882985887667,47.55354318466577,3.934755404100933,51.4882985887667,47.55354318466577,low,0.950288824939503,synthetic_demo,True,real_gb,False,simplify_ui,Deterministic mock: elevated predicted load or complexity.,0.75,mock
327,train,43.8443934124477,43.224081669062706,0.6203117433849954,43.8443934124477,43.224081669062706,low,0.9531419092719096,synthetic_demo,True,real_gb,False,no_change,Deterministic mock: no high-risk pattern detected.,0.65,mock
328,train,46.914893865585114,44.3045190809122,2.6103747846729135,46.914893865585114,44.3045190809122,low,0.942078438017512,synthetic_demo,True,real_gb,False,no_change,Deterministic mock: no high-risk pattern detected.,0.65,mock
329,test,34.09452186391271,39.58434919782752,-5.4898273339148105,34.09452186391271,39.58434919782752,low,0.9527074100060876,synthetic_demo,True,real_gb,False,no_change,Deterministic mock: no high-risk pattern detected.,0.65,mock
330,train,43.71636801028508,43.44860713358653,0.26776087669855286,43.71636801028508,43.44860713358653,low,0.926363370127672,synthetic_demo,True,real_gb,False,simplify_ui,Deterministic mock: elevated predicted load or complexity.,0.75,mock
331,train,45.89192404117865,44.958250769409574,0.9336732717690737,45.89192404117865,44.958250769409574,low,0.9515658937103807,synthetic_demo,True,real_gb,False,no_change,Deterministic mock: no high-risk pattern detected.,0.65,mock
332,test,54.70712207499767,44.615365413456004,10.091756661541666,54.70712207499767,44.615365413456004,low,0.9288977665794204,synthetic_demo,True,real_gb,False,simplify_ui,Deterministic mock: elevated predicted load or complexity.,0.75,mock
333,test,56.14397272615772,47.998641323688325,8.145331402469395,56.14397272615772,47.998641323688325,low,0.9209005479328767,synthetic_demo,True,real_gb,False,simplify_ui,Deterministic mock: elevated predicted load or complexity.,0.75,mock
334,train,40.79801206742573,41.50483618768133,-0.7068241202555967,40.79801206742573,41.50483618768133,low,0.9284855645745206,synthetic_demo,True,real_gb,False,highlight_relevant,Deterministic mock: elevated time pressure.,0.7,mock
335,train,35.0451285137256,40.15034423213525,-5.105215718409646,35.0451285137256,40.15034423213525,low,0.92428567208445,synthetic_demo,True,real_gb,False,no_change,Deterministic mock: no high-risk pattern detected.,0.65,mock
336,train,43.30838079511465,44.606494510662465,-1.2981137155478137,43.30838079511465,44.606494510662465,low,0.9286307557821151,synthetic_demo,True,real_gb,False,simplify_ui,Deterministic mock: elevated predicted load or complexity.,0.75,mock
337,train,36.714510754725005,40.10043243854295,-3.385921683817948,36.714510754725005,40.10043243854295,low,0.9315210586470692,synthetic_demo,True,real_gb,False,highlight_relevant,Deterministic mock: elevated time pressure.,0.7,mock
338,train,45.90481687879782,45.36718731018791,0.5376295686099084,45.90481687879782,45.36718731018791,low,0.9605476554027215,synthetic_demo,True,real_gb,False,simplify_ui,Deterministic mock: elevated predicted load or complexity.,0.75,mock
339,test,31.949213785841646,40.22014292604996,-8.270929140208313,31.949213785841646,40.22014292604996,low,0.9373784703359916,synthetic_demo,True,real_gb,False,highlight_relevant,Deterministic mock: elevated time pressure.,0.7,mock
340,train,46.53162782952489,43.314316646100984,3.2173111834239094,46.53162782952489,43.314316646100984,low,0.9256962520857338,synthetic_demo,True,real_gb,False,highlight_relevant,Deterministic mock: elevated time pressure.,0.7,mock
341,train,38.17844455106781,43.55487440862366,-5.3764298575558485,38.17844455106781,43.55487440862366,low,0.9559640046745567,synthetic_demo,True,real_gb,False,simplify_ui,Deterministic mock: elevated predicted load or complexity.,0.75,mock
342,test,28.928902989442644,39.49979362643678,-10.570890636994132,28.928902989442644,39.49979362643678,low,0.9374272012604784,synthetic_demo,True,real_gb,False,no_change,Deterministic mock: no high-risk pattern detected.,0.65,mock
343,train,48.291321959270675,47.96008776198101,0.3312341972896675,48.291321959270675,47.96008776198101,low,0.941340482915693,synthetic_demo,True,real_gb,False,simplify_ui,Deterministic mock: elevated predicted load or complexity.,0.75,mock
344,train,46.20173252301761,46.482899451755074,-0.28116692873746274,46.20173252301761,46.482899451755074,low,0.9093623083705339,synthetic_demo,True,real_gb,False,simplify_ui,Deterministic mock: elevated predicted load or complexity.,0.75,mock
345,train,36.58927965850281,41.28693194268069,-4.697652284177877,36.58927965850281,41.28693194268069,low,0.9575951600412418,synthetic_demo,True,real_gb,False,no_change,Deterministic mock: no high-risk pattern detected.,0.65,mock
346,train,43.17377550166144,45.04784035739417,-1.8740648557327333,43.17377550166144,45.04784035739417,low,0.9554207967182109,synthetic_demo,True,real_gb,False,no_change,Deterministic mock: no high-risk pattern detected.,0.65,mock
347,test,34.12232981780392,41.02506045675053,-6.902730638946608,34.12232981780392,41.02506045675053,low,0.9119860239107467,synthetic_demo,True,real_gb,False,highlight_relevant,Deterministic mock: elevated time pressure.,0.7,mock
348,train,23.967165334030664,35.09208989403804,-11.124924560007376,23.967165334030664,35.09208989403804,low,0.9350389822540339,synthetic_demo,True,real_gb,False,no_change,Deterministic mock: no high-risk pattern detected.,0.65,mock
349,test,36.08233872310055,41.36118124292227,-5.278842519821723,36.08233872310055,41.36118124292227,low,0.9473073646928141,synthetic_demo,True,real_gb,False,no_change,Deterministic mock: no high-risk pattern detected.,0.65,mock
350,train,35.9871320104275,40.016286493483136,-4.029154483055635,35.9871320104275,40.016286493483136,low,0.9622818520191347,synthetic_demo,True,real_gb,False,highlight_relevant,Deterministic mock: elevated time pressure.,0.7,mock
351,train,41.232580966182375,43.202928292371475,-1.9703473261890991,41.232580966182375,43.202928292371475,low,0.9687819462341565,synthetic_demo,True,real_gb,False,highlight_relevant,Deterministic mock: elevated time pressure.,0.7,mock
352,train,47.17698068939591,43.80770671263781,3.3692739767581017,47.17698068939591,43.80770671263781,low,0.9366129287532149,synthetic_demo,True,real_gb,False,highlight_relevant,Deterministic mock: elevated time pressure.,0.7,mock
353,train,44.59426426492494,42.23363286920596,2.3606313957189755,44.59426426492494,42.23363286920596,low,0.9710384165141978,synthetic_demo,True,real_gb,False,no_change,Deterministic mock: no high-risk pattern detected.,0.65,mock
354,train,41.74195637474693,42.8794933424456,-1.1375369676986722,41.74195637474693,42.8794933424456,low,0.920934489099863,synthetic_demo,True,real_gb,False,highlight_relevant,Deterministic mock: elevated time pressure.,0.7,mock
355,train,43.5831259897961,44.10827995896533,-0.5251539691692315,43.5831259897961,44.10827995896533,low,0.9410030745636497,synthetic_demo,True,real_gb,False,highlight_relevant,Deterministic mock: elevated time pressure.,0.7,mock
356,train,29.467365571560006,36.98440300553034,-7.517037433970334,29.467365571560006,36.98440300553034,low,0.9475494261712675,synthetic_demo,True,real_gb,False,highlight_relevant,Deterministic mock: elevated time pressure.,0.7,mock
357,train,44.35550429252806,45.387648725640695,-1.0321444331126344,44.35550429252806,45.387648725640695,low,0.9609549240121472,synthetic_demo,True,real_gb,False,simplify_ui,Deterministic mock: elevated predicted load or complexity.,0.75,mock
358,train,40.093742288927324,42.06555475295076,-1.9718124640234365,40.093742288927324,42.06555475295076,low,0.9333533067481377,synthetic_demo,True,real_gb,False,simplify_ui,Deterministic mock: elevated predicted load or complexity.,0.75,mock
359,test,40.540585823841305,41.60769662510648,-1.0671108012651729,40.540585823841305,41.60769662510648,low,0.9475642903350431,synthetic_demo,True,real_gb,False,no_change,Deterministic mock: no high-risk pattern detected.,0.65,mock
360,train,24.125517741585824,36.04183689703751,-11.916319155451689,24.125517741585824,36.04183689703751,low,0.9420421150893414,synthetic_demo,True,real_gb,False,no_change,Deterministic mock: no high-risk pattern detected.,0.65,mock
361,train,40.379341168685364,41.51682430651065,-1.137483137825285,40.379341168685364,41.51682430651065,low,0.9408167089965677,synthetic_demo,True,real_gb,False,no_change,Deterministic mock: no high-risk pattern detected.,0.65,mock
362,train,46.00107835547686,44.89836469587956,1.102713659597299,46.00107835547686,44.89836469587956,low,0.9292165082017576,synthetic_demo,True,real_gb,False,highlight_relevant,Deterministic mock: elevated time pressure.,0.7,mock
363,train,41.61326015190622,42.20740906370581,-0.5941489117995928,41.61326015190622,42.20740906370581,low,0.9361531038721891,synthetic_demo,True,real_gb,False,simplify_ui,Deterministic mock: elevated predicted load or complexity.,0.75,mock
364,test,35.496824139736745,41.9656039324235,-6.468779792686753,35.496824139736745,41.9656039324235,low,0.9097921905645795,synthetic_demo,True,real_gb,False,simplify_ui,Deterministic mock: elevated predicted load or complexity.,0.75,mock
365,train,32.65249268926542,40.25294794773217,-7.600455258466745,32.65249268926542,40.25294794773217,low,0.9549805365389175,synthetic_demo,True,real_gb,False,no_change,Deterministic mock: no high-risk pattern detected.,0.65,mock
366,test,42.67665659611261,42.59627524761045,0.08038134850215783,42.67665659611261,42.59627524761045,low,0.9283926447316857,synthetic_demo,True,real_gb,False,highlight_relevant,Deterministic mock: elevated time pressure.,0.7,mock
367,train,36.73859272685043,42.09907950647669,-5.360486779626264,36.73859272685043,42.09907950647669,low,0.91631005782582,synthetic_demo,True,real_gb,False,simplify_ui,Deterministic mock: elevated predicted load or complexity.,0.75,mock
368,train,30.37620809354142,39.44408706701079,-9.067878973469373,30.37620809354142,39.44408706701079,low,0.9338745280442667,synthetic_demo,True,real_gb,False,no_change,Deterministic mock: no high-risk pattern detected.,0.65,mock
369,test,44.40492341482935,41.73449721111822,2.6704262037111306,44.40492341482935,41.73449721111822,low,0.9697874302598657,synthetic_demo,True,real_gb,False,no_change,Deterministic mock: no high-risk pattern detected.,0.65,mock
370,test,41.62555714466622,42.63743072530648,-1.0118735806402626,41.62555714466622,42.63743072530648,low,0.9206603103344364,synthetic_demo,True,real_gb,False,highlight_relevant,Deterministic mock: elevated time pressure.,0.7,mock
371,train,38.29284105435502,41.22393042747156,-2.931089373116535,38.29284105435502,41.22393042747156,low,0.9605307259938187,synthetic_demo,True,real_gb,False,no_change,Deterministic mock: no high-risk pattern detected.,0.65,mock
372,test,33.858618691237844,43.48775955832043,-9.629140867082583,33.858618691237844,43.48775955832043,low,0.952025860939274,synthetic_demo,True,real_gb,False,simplify_ui,Deterministic mock: elevated predicted load or complexity.,0.75,mock
373,train,36.767853318616226,40.856337425888434,-4.088484107272208,36.767853318616226,40.856337425888434,low,0.9457646853247086,synthetic_demo,True,real_gb,False,highlight_relevant,Deterministic mock: elevated time pressure.,0.7,mock
374,train,44.22274382190615,42.46629816356411,1.756445658342038,44.22274382190615,42.46629816356411,low,0.9526637323319959,synthetic_demo,True,real_gb,False,simplify_ui,Deterministic mock: elevated predicted load or complexity.,0.75,mock
375,test,41.07761359079011,46.18238600261472,-5.104772411824612,41.07761359079011,46.18238600261472,low,0.9312523892153604,synthetic_demo,True,real_gb,False,no_change,Deterministic mock: no high-risk pattern detected.,0.65,mock
376,train,37.43915351364383,42.36547631119312,-4.92632279754929,37.43915351364383,42.36547631119312,low,0.9106849091341588,synthetic_demo,True,real_gb,False,simplify_ui,Deterministic mock: elevated predicted load or complexity.,0.75,mock
377,train,41.131480380608224,43.39037907419506,-2.2588986935868363,41.131480380608224,43.39037907419506,low,0.914446016649541,synthetic_demo,True,real_gb,False,simplify_ui,Deterministic mock: elevated predicted load or complexity.,0.75,mock
378,train,35.74360204414017,40.48349983191084,-4.739897787770673,35.74360204414017,40.48349983191084,low,0.9544718852254682,synthetic_demo,True,real_gb,False,no_change,Deterministic mock: no high-risk pattern detected.,0.65,mock
379,train,31.632013353556093,37.44729862908998,-5.815285275533885,31.632013353556093,37.44729862908998,low,0.94943136526706,synthetic_demo,True,real_gb,False,no_change,Deterministic mock: no high-risk pattern detected.,0.65,mock
380,train,44.82499442423613,44.67394166711563,0.15105275712050314,44.82499442423613,44.67394166711563,low,0.9492810515094818,synthetic_demo,True,real_gb,False,no_change,Deterministic mock: no high-risk pattern detected.,0.65,mock
381,train,48.92884643071137,47.32019960305745,1.6086468276539136,48.92884643071137,47.32019960305745,low,0.9523176981576896,synthetic_demo,True,real_gb,False,simplify_ui,Deterministic mock: elevated predicted load or complexity.,0.75,mock
382,train,45.346063438099456,45.0956142753196,0.2504491627798586,45.346063438099456,45.0956142753196,low,0.9418761775817817,synthetic_demo,True,real_gb,False,simplify_ui,Deterministic mock: elevated predicted load or complexity.,0.75,mock
383,train,39.79403618110916,41.32050371337989,-1.526467532270729,39.79403618110916,41.32050371337989,low,0.9127006970228341,synthetic_demo,True,real_gb,False,highlight_relevant,Deterministic mock: elevated time pressure.,0.7,mock
384,test,27.990922947038214,36.65348063195654,-8.662557684918326,27.990922947038214,36.65348063195654,low,0.9560108348390866,synthetic_demo,True,real_gb,False,no_change,Deterministic mock: no high-risk pattern detected.,0.65,mock
385,test,39.70067943774227,42.8587646592884,-3.1580852215461306,39.70067943774227,42.8587646592884,low,0.9230660097554194,synthetic_demo,True,real_gb,False,no_change,Deterministic mock: no high-risk pattern detected.,0.65,mock
386,test,35.056782511951575,41.14597218904339,-6.089189677091817,35.056782511951575,41.14597218904339,low,0.916039785613001,synthetic_demo,True,real_gb,False,no_change,Deterministic mock: no high-risk pattern detected.,0.65,mock
387,train,35.84335200108606,42.032053754730235,-6.188701753644175,35.84335200108606,42.032053754730235,low,0.9585914078263452,synthetic_demo,True,real_gb,False,highlight_relevant,Deterministic mock: elevated time pressure.,0.7,mock
388,train,37.20922681523286,41.72365735630598,-4.514430541073118,37.20922681523286,41.72365735630598,low,0.9473484905503371,synthetic_demo,True,real_gb,False,simplify_ui,Deterministic mock: elevated predicted load or complexity.,0.75,mock
389,test,38.42737953709982,43.04569357581092,-4.618314038711105,38.42737953709982,43.04569357581092,low,0.9476534297405277,synthetic_demo,True,real_gb,False,no_change,Deterministic mock: no high-risk pattern detected.,0.65,mock
390,train,44.722744566257816,43.65550944102371,1.067235125234106,44.722744566257816,43.65550944102371,low,0.923569781242481,synthetic_demo,True,real_gb,False,simplify_ui,Deterministic mock: elevated predicted load or complexity.,0.75,mock
391,train,38.34418267477703,43.35460915738476,-5.010426482607727,38.34418267477703,43.35460915738476,low,0.9569277931183797,synthetic_demo,True,real_gb,False,no_change,Deterministic mock: no high-risk pattern detected.,0.65,mock
392,train,47.23323153802813,44.897611310239405,2.3356202277887235,47.23323153802813,44.897611310239405,low,0.9207421905381432,synthetic_demo,True,real_gb,False,highlight_relevant,Deterministic mock: elevated time pressure.,0.7,mock
393,train,43.86441118874923,45.75230708824828,-1.8878958994990498,43.86441118874923,45.75230708824828,low,0.9505592196511088,synthetic_demo,True,real_gb,False,simplify_ui,Deterministic mock: elevated predicted load or complexity.,0.75,mock
394,train,40.6207678988117,44.423922748892146,-3.803154850080446,40.6207678988117,44.423922748892146,low,0.9261596853227252,synthetic_demo,True,real_gb,False,simplify_ui,Deterministic mock: elevated predicted load or complexity.,0.75,mock
395,train,49.064168988074805,47.8777506317503,1.186418356324502,49.064168988074805,47.8777506317503,low,0.9366710600014362,synthetic_demo,True,real_gb,False,simplify_ui,Deterministic mock: elevated predicted load or complexity.,0.75,mock
396,test,40.68988012582357,45.919325268905524,-5.2294451430819535,40.68988012582357,45.919325268905524,low,0.9524464277970752,synthetic_demo,True,real_gb,False,simplify_ui,Deterministic mock: elevated predicted load or complexity.,0.75,mock
397,test,38.210755792105076,39.85692227397597,-1.6461664818708925,38.210755792105076,39.85692227397597,low,0.9421947851404019,synthetic_demo,True,real_gb,False,no_change,Deterministic mock: no high-risk pattern detected.,0.65,mock
398,train,38.87196887485342,41.567408136221815,-2.695439261368392,38.87196887485342,41.567408136221815,low,0.9490703707157484,synthetic_demo,True,real_gb,False,highlight_relevant,Deterministic mock: elevated time pressure.,0.7,mock
399,train,35.365698312116926,39.06590236899385,-3.7002040568769203,35.365698312116926,39.06590236899385,low,0.9342926689473507,synthetic_demo,True,real_gb,False,no_change,Deterministic mock: no high-risk pattern detected.,0.65,mock
400,train,43.92260975231692,45.639666635866234,-1.7170568835493114,43.92260975231692,45.639666635866234,low,0.9312306809400254,synthetic_demo,True,real_gb,False,simplify_ui,Deterministic mock: elevated predicted load or complexity.,0.75,mock
401,train,38.8151038127328,41.99116662898261,-3.176062816249811,38.8151038127328,41.99116662898261,low,0.9743964027938331,synthetic_demo,True,real_gb,False,no_change,Deterministic mock: no high-risk pattern detected.,0.65,mock
402,train,45.19276261574869,44.00771960100275,1.1850430147459434,45.19276261574869,44.00771960100275,low,0.9368881302412829,synthetic_demo,True,real_gb,False,no_change,Deterministic mock: no high-risk pattern detected.,0.65,mock
403,test,36.631383960627964,43.81652517775317,-7.1851412171252065,36.631383960627964,43.81652517775317,low,0.9070075148684065,synthetic_demo,True,real_gb,False,simplify_ui,Deterministic mock: elevated predicted load or complexity.,0.75,mock
404,train,53.36524866933124,46.74375318848527,6.621495480845965,53.36524866933124,46.74375318848527,low,0.940721006332883,synthetic_demo,True,real_gb,False,simplify_ui,Deterministic mock: elevated predicted load or complexity.,0.75,mock
405,train,49.29677706268326,44.73669649192422,4.560080570759041,49.29677706268326,44.73669649192422,low,0.9266204013944084,synthetic_demo,True,real_gb,False,simplify_ui,Deterministic mock: elevated predicted load or complexity.,0.75,mock
406,train,48.447319312576994,46.588533739289616,1.8587855732873777,48.447319312576994,46.588533739289616,low,0.9799734864564145,synthetic_demo,True,real_gb,False,simplify_ui,Deterministic mock: elevated predicted load or complexity.,0.75,mock
407,train,41.618529928602754,43.095294866907786,-1.4767649383050312,41.618529928602754,43.095294866907786,low,0.9306202682261215,synthetic_demo,True,real_gb,False,highlight_relevant,Deterministic mock: elevated time pressure.,0.7,mock
408,train,54.590308457340186,48.76594906582664,5.824359391513546,54.590308457340186,48.76594906582664,low,0.8977617882344704,synthetic_demo,True,real_gb,False,simplify_ui,Deterministic mock: elevated predicted load or complexity.,0.75,mock
409,train,33.05582658729323,38.089479578152485,-5.033652990859252,33.05582658729323,38.089479578152485,low,0.9516529893394133,synthetic_demo,True,real_gb,False,no_change,Deterministic mock: no high-risk pattern detected.,0.65,mock
410,test,33.642922143260925,41.511024618696034,-7.8681024754351085,33.642922143260925,41.511024618696034,low,0.9573328744186076,synthetic_demo,True,real_gb,False,no_change,Deterministic mock: no high-risk pattern detected.,0.65,mock
411,train,46.581874872608616,44.87305480293715,1.708820069671468,46.581874872608616,44.87305480293715,low,0.912757986416512,synthetic_demo,True,real_gb,False,simplify_ui,Deterministic mock: elevated predicted load or complexity.,0.75,mock
412,train,43.212869630970445,44.55474922463582,-1.3418795936653751,43.212869630970445,44.55474922463582,low,0.9300704605858077,synthetic_demo,True,real_gb,False,highlight_relevant,Deterministic mock: elevated time pressure.,0.7,mock
413,train,42.467316201319846,42.769589517959005,-0.3022733166391589,42.467316201319846,42.769589517959005,low,0.951767354059946,synthetic_demo,True,real_gb,False,no_change,Deterministic mock: no high-risk pattern detected.,0.65,mock
414,train,46.58909513809702,43.41779530321993,3.1712998348770896,46.58909513809702,43.41779530321993,low,0.9366338652156059,synthetic_demo,True,real_gb,False,highlight_relevant,Deterministic mock: elevated time pressure.,0.7,mock
415,train,33.346343375363155,40.197654812341156,-6.851311436978001,33.346343375363155,40.197654812341156,low,0.9488289214886713,synthetic_demo,True,real_gb,False,no_change,Deterministic mock: no high-risk pattern detected.,0.65,mock
416,test,48.0024970459692,45.82137747704779,2.1811195689214102,48.0024970459692,45.82137747704779,low,0.924286220582879,synthetic_demo,True,real_gb,False,simplify_ui,Deterministic mock: elevated predicted load or complexity.,0.75,mock
417,train,35.2087968257284,43.410422256279865,-8.201625430551466,35.2087968257284,43.410422256279865,low,0.944499351604015,synthetic_demo,True,real_gb,False,no_change,Deterministic mock: no high-risk pattern detected.,0.65,mock
418,train,41.973384347284856,42.47811471026177,-0.5047303629769146,41.973384347284856,42.47811471026177,low,0.9425841702567536,synthetic_demo,True,real_gb,False,no_change,Deterministic mock: no high-risk pattern detected.,0.65,mock
419,train,37.23743041487431,41.063438123862525,-3.8260077089882145,37.23743041487431,41.063438123862525,low,0.9336821015837342,synthetic_demo,True,real_gb,False,no_change,Deterministic mock: no high-risk pattern detected.,0.65,mock
420,train,43.03031124910287,45.18655332147195,-2.156242072369075,43.03031124910287,45.18655332147195,low,0.9342681444759028,synthetic_demo,True,real_gb,False,simplify_ui,Deterministic mock: elevated predicted load or complexity.,0.75,mock
421,train,38.57020941089084,43.24022117666966,-4.670011765778817,38.57020941089084,43.24022117666966,low,0.9083820598758088,synthetic_demo,True,real_gb,False,simplify_ui,Deterministic mock: elevated predicted load or complexity.,0.75,mock
422,train,45.054848636229906,43.5018962251464,1.5529524110835027,45.054848636229906,43.5018962251464,low,0.9311317880238531,synthetic_demo,True,real_gb,False,highlight_relevant,Deterministic mock: elevated time pressure.,0.7,mock
423,train,42.437414340766175,43.28549794831982,-0.8480836075536473,42.437414340766175,43.28549794831982,low,0.9537097223561295,synthetic_demo,True,real_gb,False,no_change,Deterministic mock: no high-risk pattern detected.,0.65,mock
424,train,43.58803176744669,43.68279859303726,-0.09476682559057537,43.58803176744669,43.68279859303726,low,0.9430324974141017,synthetic_demo,True,real_gb,False,simplify_ui,Deterministic mock: elevated predicted load or complexity.,0.75,mock
425,train,37.16029040326638,41.34025896790218,-4.1799685646358,37.16029040326638,41.34025896790218,low,0.9653780086578341,synthetic_demo,True,real_gb,False,no_change,Deterministic mock: no high-risk pattern detected.,0.65,mock
426,train,35.084337373895806,40.217797595649806,-5.1334602217539995,35.084337373895806,40.217797595649806,low,0.9610470431293145,synthetic_demo,True,real_gb,False,no_change,Deterministic mock: no high-risk pattern detected.,0.65,mock
427,train,49.143761465615114,45.67775610425334,3.4660053613617734,49.143761465615114,45.67775610425334,low,0.917575170683817,synthetic_demo,True,real_gb,False,no_change,Deterministic mock: no high-risk pattern detected.,0.65,mock
428,train,36.264004585575634,40.67385965658617,-4.409855071010533,36.264004585575634,40.67385965658617,low,0.9197601321970444,synthetic_demo,True,real_gb,False,highlight_relevant,Deterministic mock: elevated time pressure.,0.7,mock
429,train,41.09580728014816,42.900140791804745,-1.804333511656587,41.09580728014816,42.900140791804745,low,0.9466228219910892,synthetic_demo,True,real_gb,False,no_change,Deterministic mock: no high-risk pattern detected.,0.65,mock
430,train,42.89050982284093,41.493685871985875,1.3968239508550582,42.89050982284093,41.493685871985875,low,0.9367849968912036,synthetic_demo,True,real_gb,False,no_change,Deterministic mock: no high-risk pattern detected.,0.65,mock
431,train,33.153044365359676,38.89883790537783,-5.7457935400181555,33.153044365359676,38.89883790537783,low,0.9550038880076687,synthetic_demo,True,real_gb,False,highlight_relevant,Deterministic mock: elevated time pressure.,0.7,mock
432,test,36.587879365987355,41.804190330185094,-5.2163109641977385,36.587879365987355,41.804190330185094,low,0.9406807243460327,synthetic_demo,True,real_gb,False,no_change,Deterministic mock: no high-risk pattern detected.,0.65,mock
433,train,43.14605615957251,44.06917901271553,-0.9231228531430204,43.14605615957251,44.06917901271553,low,0.9262197884428188,synthetic_demo,True,real_gb,False,no_change,Deterministic mock: no high-risk pattern detected.,0.65,mock
434,train,34.00251297093857,40.98146131624236,-6.978948345303792,34.00251297093857,40.98146131624236,low,0.9511913166934901,synthetic_demo,True,real_gb,False,no_change,Deterministic mock: no high-risk pattern detected.,0.65,mock
435,train,33.44305031166536,39.18763810603172,-5.74458779436636,33.44305031166536,39.18763810603172,low,0.943640418674786,synthetic_demo,True,real_gb,False,highlight_relevant,Deterministic mock: elevated time pressure.,0.7,mock
436,train,54.55853429813977,47.813433086164196,6.745101211975573,54.55853429813977,47.813433086164196,low,0.9067885612446591,synthetic_demo,True,real_gb,False,simplify_ui,Deterministic mock: elevated predicted load or complexity.,0.75,mock
437,test,19.729045637758816,36.621761661064056,-16.89271602330524,19.729045637758816,36.621761661064056,low,0.9314590545511661,synthetic_demo,True,real_gb,False,no_change,Deterministic mock: no high-risk pattern detected.,0.65,mock
438,train,42.80713184322165,41.46129967347457,1.3458321697470765,42.80713184322165,41.46129967347457,low,0.9365435114410275,synthetic_demo,True,real_gb,False,simplify_ui,Deterministic mock: elevated predicted load or complexity.,0.75,mock
439,train,40.32829692291177,41.59181579671644,-1.2635188738046708,40.32829692291177,41.59181579671644,low,0.9440372024143848,synthetic_demo,True,real_gb,False,no_change,Deterministic mock: no high-risk pattern detected.,0.65,mock
440,test,50.787767481126465,45.34488227805813,5.442885203068336,50.787767481126465,45.34488227805813,low,0.9574412940459296,synthetic_demo,True,real_gb,False,no_change,Deterministic mock: no high-risk pattern detected.,0.65,mock
441,train,32.82466560775776,39.750453271178735,-6.9257876634209765,32.82466560775776,39.750453271178735,low,0.9552605939644828,synthetic_demo,True,real_gb,False,no_change,Deterministic mock: no high-risk pattern detected.,0.65,mock
442,test,33.97262925633272,39.570907794954856,-5.598278538622132,33.97262925633272,39.570907794954856,low,0.9483035353403355,synthetic_demo,True,real_gb,False,no_change,Deterministic mock: no high-risk pattern detected.,0.65,mock
443,train,51.70303744321437,48.988118868455054,2.7149185747593165,51.70303744321437,48.988118868455054,low,0.942542464529629,synthetic_demo,True,real_gb,False,simplify_ui,Deterministic mock: elevated predicted load or complexity.,0.75,mock
444,train,42.83840172638582,44.55228046441352,-1.7138787380277023,42.83840172638582,44.55228046441352,low,0.9310681809401851,synthetic_demo,True,real_gb,False,simplify_ui,Deterministic mock: elevated predicted load or complexity.,0.75,mock
445,train,49.863225297065064,45.54104532108234,4.322179975982721,49.863225297065064,45.54104532108234,low,0.9422352563690684,synthetic_demo,True,real_gb,False,highlight_relevant,Deterministic mock: elevated time pressure.,0.7,mock
446,train,53.003889204439204,48.07585178469675,4.928037419742452,53.003889204439204,48.07585178469675,low,0.942133693348522,synthetic_demo,True,real_gb,False,no_change,Deterministic mock: no high-risk pattern detected.,0.65,mock
447,train,44.746308518516656,42.48073199701818,2.265576521498474,44.746308518516656,42.48073199701818,low,0.9352516555859818,synthetic_demo,True,real_gb,False,highlight_relevant,Deterministic mock: elevated time pressure.,0.7,mock
448,train,42.00292993975925,44.876803543131246,-2.8738736033719974,42.00292993975925,44.876803543131246,low,0.946014972441273,synthetic_demo,True,real_gb,False,simplify_ui,Deterministic mock: elevated predicted load or complexity.,0.75,mock
449,train,46.59971337100891,46.100764494971195,0.49894887603771565,46.59971337100891,46.100764494971195,low,0.9554471433901728,synthetic_demo,True,real_gb,False,simplify_ui,Deterministic mock: elevated predicted load or complexity.,0.75,mock
450,test,36.22507626293896,41.97407548835835,-5.748999225419389,36.22507626293896,41.97407548835835,low,0.932237018130243,synthetic_demo,True,real_gb,False,highlight_relevant,Deterministic mock: elevated time pressure.,0.7,mock
451,test,46.54021332375252,47.028670548301186,-0.488457224548668,46.54021332375252,47.028670548301186,low,0.9145178903954685,synthetic_demo,True,real_gb,False,simplify_ui,Deterministic mock: elevated predicted load or complexity.,0.75,mock
452,test,44.22664582058627,44.56544184830538,-0.33879602771911266,44.22664582058627,44.56544184830538,low,0.9085879679221943,synthetic_demo,True,real_gb,False,simplify_ui,Deterministic mock: elevated predicted load or complexity.,0.75,mock
453,test,50.794014751054064,48.73490618746372,2.0591085635903426,50.794014751054064,48.73490618746372,low,0.9441611951335419,synthetic_demo,True,real_gb,False,no_change,Deterministic mock: no high-risk pattern detected.,0.65,mock
454,train,42.45137096200224,42.64112275215094,-0.1897517901487049,42.45137096200224,42.64112275215094,low,0.9445190727496583,synthetic_demo,True,real_gb,False,simplify_ui,Deterministic mock: elevated predicted load or complexity.,0.75,mock
455,train,52.25042952586676,47.78265458539655,4.467774940470207,52.25042952586676,47.78265458539655,low,0.9489585739170628,synthetic_demo,True,real_gb,False,simplify_ui,Deterministic mock: elevated predicted load or complexity.,0.75,mock
456,train,54.067864156203306,49.05706693800034,5.010797218202967,54.067864156203306,49.05706693800034,low,0.9461560033998963,synthetic_demo,True,real_gb,False,simplify_ui,Deterministic mock: elevated predicted load or complexity.,0.75,mock
457,train,45.128091437017034,41.47952623246531,3.6485652045517227,45.128091437017034,41.47952623246531,low,0.9449732149359467,synthetic_demo,True,real_gb,False,highlight_relevant,Deterministic mock: elevated time pressure.,0.7,mock
458,train,42.194478420836084,44.617506041840265,-2.423027621004181,42.194478420836084,44.617506041840265,low,0.941343447127653,synthetic_demo,True,real_gb,False,simplify_ui,Deterministic mock: elevated predicted load or complexity.,0.75,mock
459,train,43.0227406101598,40.27344996326006,2.7492906468997376,43.0227406101598,40.27344996326006,low,0.9400599242906406,synthetic_demo,True,real_gb,False,no_change,Deterministic mock: no high-risk pattern detected.,0.65,mock
460,train,57.771308925308716,50.27223389860105,7.499075026707665,57.771308925308716,50.27223389860105,moderate,0.945252947925934,synthetic_demo,True,real_gb,False,simplify_ui,Deterministic mock: elevated predicted load or complexity.,0.75,mock
461,train,38.77810282304635,42.31786503028003,-3.5397622072336787,38.77810282304635,42.31786503028003,low,0.9051778851248828,synthetic_demo,True,real_gb,False,highlight_relevant,Deterministic mock: elevated time pressure.,0.7,mock
462,train,29.739534099351676,38.6337527186422,-8.894218619290523,29.739534099351676,38.6337527186422,low,0.9530301194403343,synthetic_demo,True,real_gb,False,no_change,Deterministic mock: no high-risk pattern detected.,0.65,mock
463,train,40.365941425860946,43.44236266996507,-3.076421244104125,40.365941425860946,43.44236266996507,low,0.9260698001736557,synthetic_demo,True,real_gb,False,simplify_ui,Deterministic mock: elevated predicted load or complexity.,0.75,mock
464,train,41.678606476341734,42.754767265411566,-1.0761607890698315,41.678606476341734,42.754767265411566,low,0.9359271442346014,synthetic_demo,True,real_gb,False,no_change,Deterministic mock: no high-risk pattern detected.,0.65,mock
465,train,43.27954433933155,41.41419322924456,1.8653511100869906,43.27954433933155,41.41419322924456,low,0.9358641682430234,synthetic_demo,True,real_gb,False,no_change,Deterministic mock: no high-risk pattern detected.,0.65,mock
466,train,34.41160720750433,39.59632172327261,-5.1847145157682775,34.41160720750433,39.59632172327261,low,0.9360858986323431,synthetic_demo,True,real_gb,False,no_change,Deterministic mock: no high-risk pattern detected.,0.65,mock
467,train,26.37112222057592,35.70842938086362,-9.3373071602877,26.37112222057592,35.70842938086362,low,0.9739140353883494,synthetic_demo,True,real_gb,False,no_change,Deterministic mock: no high-risk pattern detected.,0.65,mock
468,train,38.154997342719646,43.23955001952719,-5.08455267680754,38.154997342719646,43.23955001952719,low,0.9596580370208209,synthetic_demo,True,real_gb,False,no_change,Deterministic mock: no high-risk pattern detected.,0.65,mock
469,train,37.24207229472432,42.58481880718597,-5.342746512461645,37.24207229472432,42.58481880718597,low,0.9361521517579723,synthetic_demo,True,real_gb,False,highlight_relevant,Deterministic mock: elevated time pressure.,0.7,mock
470,train,50.7162343261008,46.94911171071928,3.767122615381524,50.7162343261008,46.94911171071928,low,0.937347388073149,synthetic_demo,True,real_gb,False,simplify_ui,Deterministic mock: elevated predicted load or complexity.,0.75,mock
471,train,46.23426636003916,45.15167271369302,1.0825936463461403,46.23426636003916,45.15167271369302,low,0.9221761023175791,synthetic_demo,True,real_gb,False,simplify_ui,Deterministic mock: elevated predicted load or complexity.,0.75,mock
472,train,53.33192296422313,47.700569893913304,5.631353070309828,53.33192296422313,47.700569893913304,low,0.9436250114580067,synthetic_demo,True,real_gb,False,no_change,Deterministic mock: no high-risk pattern detected.,0.65,mock
473,train,32.25238798212364,36.98145394056434,-4.7290659584406995,32.25238798212364,36.98145394056434,low,0.9584496401926509,synthetic_demo,True,real_gb,False,no_change,Deterministic mock: no high-risk pattern detected.,0.65,mock
474,train,40.956451159076664,41.671281946202214,-0.7148307871255497,40.956451159076664,41.671281946202214,low,0.9459579739120678,synthetic_demo,True,real_gb,False,no_change,Deterministic mock: no high-risk pattern detected.,0.65,mock
475,test,25.06348292905646,35.101463226426965,-10.037980297370506,25.06348292905646,35.101463226426965,low,0.9422120777252587,synthetic_demo,True,real_gb,False,no_change,Deterministic mock: no high-risk pattern detected.,0.65,mock
476,train,47.98878850913768,48.144775405656794,-0.15598689651911712,47.98878850913768,48.144775405656794,low,0.9376475023614433,synthetic_demo,True,real_gb,False,simplify_ui,Deterministic mock: elevated predicted load or complexity.,0.75,mock
477,train,34.857459545877646,40.23285150101532,-5.3753919551376725,34.857459545877646,40.23285150101532,low,0.952446548986818,synthetic_demo,True,real_gb,False,no_change,Deterministic mock: no high-risk pattern detected.,0.65,mock
478,train,41.53656550885544,45.81151670837139,-4.274951199515954,41.53656550885544,45.81151670837139,low,0.9400179121230892,synthetic_demo,True,real_gb,False,simplify_ui,Deterministic mock: elevated predicted load or complexity.,0.75,mock
479,train,52.00760652698517,48.62584759482439,3.3817589321607784,52.00760652698517,48.62584759482439,low,0.9305434278961009,synthetic_demo,True,real_gb,False,simplify_ui,Deterministic mock: elevated predicted load or complexity.,0.75,mock
480,train,34.94559102913935,39.86658372945242,-4.920992700313072,34.94559102913935,39.86658372945242,low,0.9436635232318252,synthetic_demo,True,real_gb,False,no_change,Deterministic mock: no high-risk pattern detected.,0.65,mock
481,test,47.16585245519093,41.45743983301139,5.708412622179537,47.16585245519093,41.45743983301139,low,0.9206974088465822,synthetic_demo,True,real_gb,False,simplify_ui,Deterministic mock: elevated predicted load or complexity.,0.75,mock
482,train,38.82286797008242,41.618640057715716,-2.7957720876332957,38.82286797008242,41.618640057715716,low,0.962770909860154,synthetic_demo,True,real_gb,False,no_change,Deterministic mock: no high-risk pattern detected.,0.65,mock
483,test,42.96628848170452,44.21764740294316,-1.2513589212386407,42.96628848170452,44.21764740294316,low,0.9371128617567925,synthetic_demo,True,real_gb,False,simplify_ui,Deterministic mock: elevated predicted load or complexity.,0.75,mock
484,test,43.70483922719703,46.7390568904533,-3.034217663256271,43.70483922719703,46.7390568904533,low,0.9292707121543153,synthetic_demo,True,real_gb,False,simplify_ui,Deterministic mock: elevated predicted load or complexity.,0.75,mock
485,train,41.26840203211123,42.295980867945815,-1.027578835834582,41.26840203211123,42.295980867945815,low,0.9259556144760708,synthetic_demo,True,real_gb,False,highlight_relevant,Deterministic mock: elevated time pressure.,0.7,mock
486,train,38.13690879179864,42.15286145247755,-4.015952660678913,38.13690879179864,42.15286145247755,low,0.9664870478916503,synthetic_demo,True,real_gb,False,no_change,Deterministic mock: no high-risk pattern detected.,0.65,mock
487,train,40.71007000456742,42.98772013753571,-2.27765013296829,40.71007000456742,42.98772013753571,low,0.9586101404912292,synthetic_demo,True,real_gb,False,simplify_ui,Deterministic mock: elevated predicted load or complexity.,0.75,mock
488,train,43.327085535011115,45.22717767625414,-1.9000921412430287,43.327085535011115,45.22717767625414,low,0.9240058865855482,synthetic_demo,True,real_gb,False,simplify_ui,Deterministic mock: elevated predicted load or complexity.,0.75,mock
489,train,57.0189650924336,50.208152367181455,6.810812725252141,57.0189650924336,50.208152367181455,moderate,0.9074001665020192,synthetic_demo,True,real_gb,False,simplify_ui,Deterministic mock: elevated predicted load or complexity.,0.75,mock
490,test,44.69587187588882,42.82484776052114,1.8710241153676819,44.69587187588882,42.82484776052114,low,0.9568489522461542,synthetic_demo,True,real_gb,False,simplify_ui,Deterministic mock: elevated predicted load or complexity.,0.75,mock
491,test,40.23296445781186,41.7481711018486,-1.5152066440367378,40.23296445781186,41.7481711018486,low,0.9184659172138546,synthetic_demo,True,real_gb,False,no_change,Deterministic mock: no high-risk pattern detected.,0.65,mock
492,train,44.667259015801896,42.928926908449455,1.7383321073524414,44.667259015801896,42.928926908449455,low,0.9339882848541048,synthetic_demo,True,real_gb,False,highlight_relevant,Deterministic mock: elevated time pressure.,0.7,mock
493,train,49.868433960061594,45.14301496889248,4.725418991169114,49.868433960061594,45.14301496889248,low,0.9271381797395493,synthetic_demo,True,real_gb,False,highlight_relevant,Deterministic mock: elevated time pressure.,0.7,mock
494,train,49.005711679331675,44.314103307843276,4.6916083714884,49.005711679331675,44.314103307843276,low,0.9433860108958003,synthetic_demo,True,real_gb,False,simplify_ui,Deterministic mock: elevated predicted load or complexity.,0.75,mock
495,train,43.044730706326476,43.97057711291061,-0.9258464065841352,43.044730706326476,43.97057711291061,low,0.9395046794152826,synthetic_demo,True,real_gb,False,simplify_ui,Deterministic mock: elevated predicted load or complexity.,0.75,mock
496,train,43.293830417859255,43.13566634978393,0.15816406807532246,43.293830417859255,43.13566634978393,low,0.9552044374866137,synthetic_demo,True,real_gb,False,no_change,Deterministic mock: no high-risk pattern detected.,0.65,mock
497,train,39.886713146148814,42.964909223725314,-3.0781960775765,39.886713146148814,42.964909223725314,low,0.9267972177335222,synthetic_demo,True,real_gb,False,highlight_relevant,Deterministic mock: elevated time pressure.,0.7,mock
498,train,27.46993073861526,36.21535887932553,-8.745428140710267,27.46993073861526,36.21535887932553,low,0.950098031506783,synthetic_demo,True,real_gb,False,no_change,Deterministic mock: no high-risk pattern detected.,0.65,mock
499,test,24.83083602341823,38.01544652453492,-13.184610501116694,24.83083602341823,38.01544652453492,low,0.9549912763110255,synthetic_demo,True,real_gb,False,no_change,Deterministic mock: no high-risk pattern detected.,0.65,mock
500,test,50.47725362212936,45.38750991278109,5.089743709348269,50.47725362212936,45.38750991278109,low,0.9114306239671923,synthetic_demo,True,real_gb,False,highlight_relevant,Deterministic mock: elevated time pressure.,0.7,mock
501,train,44.586819285149595,46.827068943944305,-2.24024965879471,44.586819285149595,46.827068943944305,low,0.9364309674729249,synthetic_demo,True,real_gb,False,simplify_ui,Deterministic mock: elevated predicted load or complexity.,0.75,mock
502,test,40.3544583545307,41.36667513772456,-1.012216783193864,40.3544583545307,41.36667513772456,low,0.965764297560712,synthetic_demo,True,real_gb,False,no_change,Deterministic mock: no high-risk pattern detected.,0.65,mock
503,test,30.538075627735655,36.151416015226076,-5.613340387490421,30.538075627735655,36.151416015226076,low,0.9469448676450283,synthetic_demo,True,real_gb,False,no_change,Deterministic mock: no high-risk pattern detected.,0.65,mock
504,test,41.843122764815575,41.840992856479446,0.0021299083361299154,41.843122764815575,41.840992856479446,low,0.9590256825782714,synthetic_demo,True,real_gb,False,no_change,Deterministic mock: no high-risk pattern detected.,0.65,mock
505,train,30.640964634400557,38.69842609599071,-8.057461461590155,30.640964634400557,38.69842609599071,low,0.9502478762017048,synthetic_demo,True,real_gb,False,no_change,Deterministic mock: no high-risk pattern detected.,0.65,mock
506,train,28.630003993956528,37.3719219887667,-8.741917994810173,28.630003993956528,37.3719219887667,low,0.9359304049620626,synthetic_demo,True,real_gb,False,no_change,Deterministic mock: no high-risk pattern detected.,0.65,mock
507,train,51.46619179081336,47.625983362929944,3.840208427883418,51.46619179081336,47.625983362929944,low,0.9435805808755611,synthetic_demo,True,real_gb,False,simplify_ui,Deterministic mock: elevated predicted load or complexity.,0.75,mock
508,test,35.331175082293306,41.462828947409335,-6.131653865116029,35.331175082293306,41.462828947409335,low,0.958430346778978,synthetic_demo,True,real_gb,False,simplify_ui,Deterministic mock: elevated predicted load or complexity.,0.75,mock
509,train,37.60932451530301,42.85618661953249,-5.2468621042294785,37.60932451530301,42.85618661953249,low,0.9674345831731284,synthetic_demo,True,real_gb,False,no_change,Deterministic mock: no high-risk pattern detected.,0.65,mock
510,train,52.3958447127652,46.361306544214315,6.034538168550881,52.3958447127652,46.361306544214315,low,0.9408256805890346,synthetic_demo,True,real_gb,False,simplify_ui,Deterministic mock: elevated predicted load or complexity.,0.75,mock
511,train,34.86195544682983,40.37441929646366,-5.512463849633825,34.86195544682983,40.37441929646366,low,0.9492379419234022,synthetic_demo,True,real_gb,False,simplify_ui,Deterministic mock: elevated predicted load or complexity.,0.75,mock
512,train,29.243820133126764,37.39654825362669,-8.152728120499926,29.243820133126764,37.39654825362669,low,0.9295921318958862,synthetic_demo,True,real_gb,False,highlight_relevant,Deterministic mock: elevated time pressure.,0.7,mock
513,train,32.916519464626866,39.205053708154495,-6.288534243527629,32.916519464626866,39.205053708154495,low,0.9563863983605457,synthetic_demo,True,real_gb,False,no_change,Deterministic mock: no high-risk pattern detected.,0.65,mock
514,train,35.93446463197662,39.308530354159046,-3.3740657221824293,35.93446463197662,39.308530354159046,low,0.9620006596444215,synthetic_demo,True,real_gb,False,no_change,Deterministic mock: no high-risk pattern detected.,0.65,mock
515,train,41.56605842838616,45.53376825704556,-3.9677098286594017,41.56605842838616,45.53376825704556,low,0.9184054007276833,synthetic_demo,True,real_gb,False,simplify_ui,Deterministic mock: elevated predicted load or complexity.,0.75,mock
516,train,46.06645256628515,44.808089693243346,1.2583628730418042,46.06645256628515,44.808089693243346,low,0.9336288186519933,synthetic_demo,True,real_gb,False,simplify_ui,Deterministic mock: elevated predicted load or complexity.,0.75,mock
517,train,37.05184444707664,43.31863106935564,-6.266786622279,37.05184444707664,43.31863106935564,low,0.9441415173770805,synthetic_demo,True,real_gb,False,no_change,Deterministic mock: no high-risk pattern detected.,0.65,mock
518,test,41.10803495570102,42.475111589979356,-1.3670766342783338,41.10803495570102,42.475111589979356,low,0.9242764039002834,synthetic_demo,True,real_gb,False,no_change,Deterministic mock: no high-risk pattern detected.,0.65,mock
519,train,41.612250750024074,44.07168309408214,-2.459432344058065,41.612250750024074,44.07168309408214,low,0.9243797034462973,synthetic_demo,True,real_gb,False,simplify_ui,Deterministic mock: elevated predicted load or complexity.,0.75,mock
520,train,41.06026964373039,39.578157213313304,1.4821124304170894,41.06026964373039,39.578157213313304,low,0.9403592989970694,synthetic_demo,True,real_gb,False,no_change,Deterministic mock: no high-risk pattern detected.,0.65,mock
521,train,39.07498843984015,42.866038574162715,-3.7910501343225675,39.07498843984015,42.866038574162715,low,0.9482068826288277,synthetic_demo,True,real_gb,False,simplify_ui,Deterministic mock: elevated predicted load or complexity.,0.75,mock
522,train,40.899484128836875,44.85910105895001,-3.9596169301131354,40.899484128836875,44.85910105895001,low,0.9677750336028162,synthetic_demo,True,real_gb,False,simplify_ui,Deterministic mock: elevated predicted load or complexity.,0.75,mock
523,train,40.69818411359529,43.23299159698239,-2.534807483387098,40.69818411359529,43.23299159698239,low,0.9236928780364951,synthetic_demo,True,real_gb,False,simplify_ui,Deterministic mock: elevated predicted load or complexity.,0.75,mock
524,train,34.46558986378207,38.79000879296698,-4.324418929184908,34.46558986378207,38.79000879296698,low,0.9332183568238243,synthetic_demo,True,real_gb,False,highlight_relevant,Deterministic mock: elevated time pressure.,0.7,mock
525,test,36.06766026865202,40.38107463791979,-4.313414369267768,36.06766026865202,40.38107463791979,low,0.9550741548036085,synthetic_demo,True,real_gb,False,no_change,Deterministic mock: no high-risk pattern detected.,0.65,mock
526,test,43.16535253188672,42.245849801771854,0.9195027301148642,43.16535253188672,42.245849801771854,low,0.9453311503103136,synthetic_demo,True,real_gb,False,highlight_relevant,Deterministic mock: elevated time pressure.,0.7,mock
527,train,41.065873817984425,41.78027158750433,-0.7143977695199055,41.065873817984425,41.78027158750433,low,0.9564951393518184,synthetic_demo,True,real_gb,False,highlight_relevant,Deterministic mock: elevated time pressure.,0.7,mock
528,test,36.6121013048184,44.44705567118818,-7.834954366369779,36.6121013048184,44.44705567118818,low,0.9278562010281748,synthetic_demo,True,real_gb,False,highlight_relevant,Deterministic mock: elevated time pressure.,0.7,mock
529,test,39.7428431682647,43.719148875676716,-3.976305707412017,39.7428431682647,43.719148875676716,low,0.9585608178298417,synthetic_demo,True,real_gb,False,no_change,Deterministic mock: no high-risk pattern detected.,0.65,mock
530,train,38.50943976612278,41.25552634525744,-2.746086579134655,38.50943976612278,41.25552634525744,low,0.9432495219806019,synthetic_demo,True,real_gb,False,no_change,Deterministic mock: no high-risk pattern detected.,0.65,mock
531,train,28.95487801032713,37.59461262896217,-8.639734618635039,28.95487801032713,37.59461262896217,low,0.9750034649014293,synthetic_demo,True,real_gb,False,no_change,Deterministic mock: no high-risk pattern detected.,0.65,mock
532,train,43.111065418448895,43.07558814914023,0.03547726930866446,43.111065418448895,43.07558814914023,low,0.9417325926939869,synthetic_demo,True,real_gb,False,no_change,Deterministic mock: no high-risk pattern detected.,0.65,mock
533,test,31.91432424189433,38.1497024685579,-6.235378226663567,31.91432424189433,38.1497024685579,low,0.9562339257871308,synthetic_demo,True,real_gb,False,no_change,Deterministic mock: no high-risk pattern detected.,0.65,mock
534,test,44.10933852308461,43.587310014586464,0.5220285084981455,44.10933852308461,43.587310014586464,low,0.9161873369078715,synthetic_demo,True,real_gb,False,simplify_ui,Deterministic mock: elevated predicted load or complexity.,0.75,mock
535,test,44.052263913593144,44.15938074123476,-0.10711682764161878,44.052263913593144,44.15938074123476,low,0.9435249440253279,synthetic_demo,True,real_gb,False,no_change,Deterministic mock: no high-risk pattern detected.,0.65,mock
536,train,41.101949505293554,44.55137783991455,-3.449428334620997,41.101949505293554,44.55137783991455,low,0.9435602959975088,synthetic_demo,True,real_gb,False,no_change,Deterministic mock: no high-risk pattern detected.,0.65,mock
537,train,50.446460268007755,48.38115160924031,2.0653086587674423,50.446460268007755,48.38115160924031,low,0.9200002481278968,synthetic_demo,True,real_gb,False,simplify_ui,Deterministic mock: elevated predicted load or complexity.,0.75,mock
538,train,43.657675863800996,42.96044085950863,0.6972350042923665,43.657675863800996,42.96044085950863,low,0.941716472240456,synthetic_demo,True,real_gb,False,highlight_relevant,Deterministic mock: elevated time pressure.,0.7,mock
539,train,48.27739625648265,44.31000806020153,3.967388196281121,48.27739625648265,44.31000806020153,low,0.9555292723243735,synthetic_demo,True,real_gb,False,simplify_ui,Deterministic mock: elevated predicted load or complexity.,0.75,mock
540,test,47.79073648179385,41.550819514077055,6.239916967716795,47.79073648179385,41.550819514077055,low,0.9544552635488682,synthetic_demo,True,real_gb,False,no_change,Deterministic mock: no high-risk pattern detected.,0.65,mock
541,train,45.05298721985951,45.0042972518878,0.04868996797171121,45.05298721985951,45.0042972518878,low,0.9506691050400917,synthetic_demo,True,real_gb,False,no_change,Deterministic mock: no high-risk pattern detected.,0.65,mock
542,train,43.94105903636552,43.46864266644382,0.472416369921703,43.94105903636552,43.46864266644382,low,0.9496579335789204,synthetic_demo,True,real_gb,False,highlight_relevant,Deterministic mock: elevated time pressure.,0.7,mock
543,test,36.43309207602566,39.218221946550365,-2.785129870524706,36.43309207602566,39.218221946550365,low,0.9465520302951717,synthetic_demo,True,real_gb,False,no_change,Deterministic mock: no high-risk pattern detected.,0.65,mock
544,train,55.20698935736612,47.63628868302026,7.570700674345858,55.20698935736612,47.63628868302026,low,0.9390004317073187,synthetic_demo,True,real_gb,False,simplify_ui,Deterministic mock: elevated predicted load or complexity.,0.75,mock
545,train,32.15360657577489,38.07379411500844,-5.920187539233552,32.15360657577489,38.07379411500844,low,0.9479303531241803,synthetic_demo,True,real_gb,False,no_change,Deterministic mock: no high-risk pattern detected.,0.65,mock
546,train,45.98647369524282,43.94368541436001,2.04278828088281,45.98647369524282,43.94368541436001,low,0.9656529558889112,synthetic_demo,True,real_gb,False,no_change,Deterministic mock: no high-risk pattern detected.,0.65,mock
547,test,30.35560415072543,36.400386845519805,-6.044782694794375,30.35560415072543,36.400386845519805,low,0.9069410906625364,synthetic_demo,True,real_gb,False,highlight_relevant,Deterministic mock: elevated time pressure.,0.7,mock
548,test,42.40146930527533,41.91299867566088,0.4884706296144472,42.40146930527533,41.91299867566088,low,0.9626950265864878,synthetic_demo,True,real_gb,False,no_change,Deterministic mock: no high-risk pattern detected.,0.65,mock
549,train,43.90682638010715,46.5232257309576,-2.6163993508504504,43.90682638010715,46.5232257309576,low,0.9590790385159491,synthetic_demo,True,real_gb,False,simplify_ui,Deterministic mock: elevated predicted load or complexity.,0.75,mock
550,train,30.40847756278864,37.33100486365692,-6.922527300868282,30.40847756278864,37.33100486365692,low,0.9621328220209806,synthetic_demo,True,real_gb,False,no_change,Deterministic mock: no high-risk pattern detected.,0.65,mock
551,train,39.06702437895746,44.04397694386141,-4.9769525649039466,39.06702437895746,44.04397694386141,low,0.9545261470623039,synthetic_demo,True,real_gb,False,no_change,Deterministic mock: no high-risk pattern detected.,0.65,mock
552,train,40.6660473559398,44.42398548533204,-3.7579381293922367,40.6660473559398,44.42398548533204,low,0.9453438947439806,synthetic_demo,True,real_gb,False,simplify_ui,Deterministic mock: elevated predicted load or complexity.,0.75,mock
553,test,40.42565737097232,46.17559591450459,-5.749938543532274,40.42565737097232,46.17559591450459,low,0.9443188190386832,synthetic_demo,True,real_gb,False,simplify_ui,Deterministic mock: elevated predicted load or complexity.,0.75,mock
554,train,27.467731977290537,36.90926357033393,-9.44153159304339,27.467731977290537,36.90926357033393,low,0.952758221167331,synthetic_demo,True,real_gb,False,highlight_relevant,Deterministic mock: elevated time pressure.,0.7,mock
555,test,43.42508003682784,45.130344691525835,-1.7052646546979915,43.42508003682784,45.130344691525835,low,0.9353198053321393,synthetic_demo,True,real_gb,False,highlight_relevant,Deterministic mock: elevated time pressure.,0.7,mock
556,train,40.332840036992295,41.54895029572149,-1.216110258729195,40.332840036992295,41.54895029572149,low,0.9652927321768456,synthetic_demo,True,real_gb,False,no_change,Deterministic mock: no high-risk pattern detected.,0.65,mock
557,train,47.09678656207401,44.798888302670306,2.297898259403702,47.09678656207401,44.798888302670306,low,0.9356213478638745,synthetic_demo,True,real_gb,False,highlight_relevant,Deterministic mock: elevated time pressure.,0.7,mock
558,train,41.01004734947918,43.12908743450671,-2.119040085027528,41.01004734947918,43.12908743450671,low,0.9379756238068034,synthetic_demo,True,real_gb,False,no_change,Deterministic mock: no high-risk pattern detected.,0.65,mock
559,train,35.31050150973118,41.28857729974108,-5.978075790009896,35.31050150973118,41.28857729974108,low,0.9788063720298731,synthetic_demo,True,real_gb,False,no_change,Deterministic mock: no high-risk pattern detected.,0.65,mock
560,test,33.63572414846009,40.972730157560854,-7.337006009100762,33.63572414846009,40.972730157560854,low,0.9600923462614785,synthetic_demo,True,real_gb,False,no_change,Deterministic mock: no high-risk pattern detected.,0.65,mock
561,train,37.30388189038119,39.58664956576276,-2.282767675381571,37.30388189038119,39.58664956576276,low,0.9348311520057805,synthetic_demo,True,real_gb,False,no_change,Deterministic mock: no high-risk pattern detected.,0.65,mock
562,train,35.1377863145486,39.96044618883967,-4.82265987429107,35.1377863145486,39.96044618883967,low,0.9634638405045147,synthetic_demo,True,real_gb,False,no_change,Deterministic mock: no high-risk pattern detected.,0.65,mock
563,train,33.63898504801938,40.05592455658527,-6.416939508565889,33.63898504801938,40.05592455658527,low,0.9331198152054093,synthetic_demo,True,real_gb,False,no_change,Deterministic mock: no high-risk pattern detected.,0.65,mock
564,test,41.909431851623275,43.89330890945599,-1.9838770578327143,41.909431851623275,43.89330890945599,low,0.9567148072579146,synthetic_demo,True,real_gb,False,highlight_relevant,Deterministic mock: elevated time pressure.,0.7,mock
565,train,32.03572660925727,38.16790678733921,-6.132180178081946,32.03572660925727,38.16790678733921,low,0.9661186575999552,synthetic_demo,True,real_gb,False,no_change,Deterministic mock: no high-risk pattern detected.,0.65,mock
566,train,38.39624228110207,41.924862684376066,-3.5286204032739974,38.39624228110207,41.924862684376066,low,0.9378695103635208,synthetic_demo,True,real_gb,False,highlight_relevant,Deterministic mock: elevated time pressure.,0.7,mock
567,train,41.62238954487537,43.74491322702724,-2.122523682151872,41.62238954487537,43.74491322702724,low,0.9649088538048729,synthetic_demo,True,real_gb,False,no_change,Deterministic mock: no high-risk pattern detected.,0.65,mock
568,train,44.65656793002533,45.628251814322304,-0.9716838842969722,44.65656793002533,45.628251814322304,low,0.9416708038443042,synthetic_demo,True,real_gb,False,no_change,Deterministic mock: no high-risk pattern detected.,0.65,mock
569,train,43.254100161883876,44.46732683685391,-1.2132266749700307,43.254100161883876,44.46732683685391,low,0.9399977146397038,synthetic_demo,True,real_gb,False,simplify_ui,Deterministic mock: elevated predicted load or complexity.,0.75,mock
570,train,34.76535201974061,39.26711020707625,-4.501758187335639,34.76535201974061,39.26711020707625,low,0.9684828803192927,synthetic_demo,True,real_gb,False,no_change,Deterministic mock: no high-risk pattern detected.,0.65,mock
571,train,51.2890497580441,47.27085925073328,4.01819050731082,51.2890497580441,47.27085925073328,low,0.9679264077715937,synthetic_demo,True,real_gb,False,simplify_ui,Deterministic mock: elevated predicted load or complexity.,0.75,mock
572,train,33.93395291397943,37.396617706423704,-3.462664792444272,33.93395291397943,37.396617706423704,low,0.8934259464759404,synthetic_demo,True,real_gb,False,highlight_relevant,Deterministic mock: elevated time pressure.,0.7,mock
573,train,51.29914871393244,45.57361841784433,5.72553029608811,51.29914871393244,45.57361841784433,low,0.8947207094459657,synthetic_demo,True,real_gb,False,simplify_ui,Deterministic mock: elevated predicted load or complexity.,0.75,mock
574,train,37.22156252511931,40.359976333138604,-3.138413808019294,37.22156252511931,40.359976333138604,low,0.9539681096234349,synthetic_demo,True,real_gb,False,simplify_ui,Deterministic mock: elevated predicted load or complexity.,0.75,mock
575,train,40.79953400628653,42.36097900974084,-1.5614450034543097,40.79953400628653,42.36097900974084,low,0.9714948104806015,synthetic_demo,True,real_gb,False,no_change,Deterministic mock: no high-risk pattern detected.,0.65,mock
576,train,34.12686428717737,39.22380380784563,-5.096939520668258,34.12686428717737,39.22380380784563,low,0.9495052229153773,synthetic_demo,True,real_gb,False,no_change,Deterministic mock: no high-risk pattern detected.,0.65,mock
577,train,45.10563692928019,43.50488364451367,1.600753284766519,45.10563692928019,43.50488364451367,low,0.945611153971444,synthetic_demo,True,real_gb,False,no_change,Deterministic mock: no high-risk pattern detected.,0.65,mock
578,train,29.534081801362817,38.922614977323065,-9.388533175960248,29.534081801362817,38.922614977323065,low,0.9299459334324883,synthetic_demo,True,real_gb,False,no_change,Deterministic mock: no high-risk pattern detected.,0.65,mock
579,train,34.18588233262268,40.3833169992175,-6.197434666594816,34.18588233262268,40.3833169992175,low,0.9567321704721129,synthetic_demo,True,real_gb,False,simplify_ui,Deterministic mock: elevated predicted load or complexity.,0.75,mock
580,train,46.20457092563843,42.78080745764154,3.423763467996892,46.20457092563843,42.78080745764154,low,0.9310524058291797,synthetic_demo,True,real_gb,False,highlight_relevant,Deterministic mock: elevated time pressure.,0.7,mock
581,train,31.53656968436541,38.66030682120497,-7.123737136839559,31.53656968436541,38.66030682120497,low,0.9492739763069741,synthetic_demo,True,real_gb,False,no_change,Deterministic mock: no high-risk pattern detected.,0.65,mock
582,train,42.68816208588541,42.95850209389822,-0.2703400080128091,42.68816208588541,42.95850209389822,low,0.9277873974303856,synthetic_demo,True,real_gb,False,simplify_ui,Deterministic mock: elevated predicted load or complexity.,0.75,mock
583,test,29.443315267065117,40.076777791557575,-10.633462524492458,29.443315267065117,40.076777791557575,low,0.925844922040535,synthetic_demo,True,real_gb,False,no_change,Deterministic mock: no high-risk pattern detected.,0.65,mock
584,train,55.77666053445015,48.58099723158346,7.195663302866691,55.77666053445015,48.58099723158346,low,0.9379751635380598,synthetic_demo,True,real_gb,False,simplify_ui,Deterministic mock: elevated predicted load or complexity.,0.75,mock
585,train,42.83913823164723,43.56216164349402,-0.7230234118467891,42.83913823164723,43.56216164349402,low,0.9540718488083278,synthetic_demo,True,real_gb,False,simplify_ui,Deterministic mock: elevated predicted load or complexity.,0.75,mock
586,test,40.71017233716435,42.27159638936985,-1.5614240522054956,40.71017233716435,42.27159638936985,low,0.9233741930646798,synthetic_demo,True,real_gb,False,simplify_ui,Deterministic mock: elevated predicted load or complexity.,0.75,mock
587,train,42.91073420614685,42.80798019981157,0.10275400633528164,42.91073420614685,42.80798019981157,low,0.9607219930852441,synthetic_demo,True,real_gb,False,simplify_ui,Deterministic mock: elevated predicted load or complexity.,0.75,mock
588,train,32.75773619026214,38.08414210278772,-5.32640591252558,32.75773619026214,38.08414210278772,low,0.9166980026437522,synthetic_demo,True,real_gb,False,highlight_relevant,Deterministic mock: elevated time pressure.,0.7,mock
589,train,49.43864416663275,45.22681437728819,4.211829789344556,49.43864416663275,45.22681437728819,low,0.9404392677488644,synthetic_demo,True,real_gb,False,highlight_relevant,Deterministic mock: elevated time pressure.,0.7,mock
590,test,32.0346934441684,37.00265542096225,-4.967961976793852,32.0346934441684,37.00265542096225,low,0.9475719879703538,synthetic_demo,True,real_gb,False,no_change,Deterministic mock: no high-risk pattern detected.,0.65,mock
591,train,36.05316902201952,41.40794165850084,-5.3547726364813215,36.05316902201952,41.40794165850084,low,0.9338987594713581,synthetic_demo,True,real_gb,False,simplify_ui,Deterministic mock: elevated predicted load or complexity.,0.75,mock
592,train,40.96550131436755,42.64438557428708,-1.6788842599195277,40.96550131436755,42.64438557428708,low,0.9590552482979957,synthetic_demo,True,real_gb,False,highlight_relevant,Deterministic mock: elevated time pressure.,0.7,mock
593,train,34.92172909039949,39.30277289767834,-4.38104380727885,34.92172909039949,39.30277289767834,low,0.9558340163921741,synthetic_demo,True,real_gb,False,simplify_ui,Deterministic mock: elevated predicted load or complexity.,0.75,mock
594,train,44.37973424978547,45.54295281315548,-1.163218563370009,44.37973424978547,45.54295281315548,low,0.9208926551521598,synthetic_demo,True,real_gb,False,no_change,Deterministic mock: no high-risk pattern detected.,0.65,mock
595,train,31.306553441932213,39.12992995742728,-7.823376515495067,31.306553441932213,39.12992995742728,low,0.9233401342157007,synthetic_demo,True,real_gb,False,highlight_relevant,Deterministic mock: elevated time pressure.,0.7,mock
596,train,30.49025427244136,36.39332257426202,-5.903068301820664,30.49025427244136,36.39332257426202,low,0.9289381123092647,synthetic_demo,True,real_gb,False,no_change,Deterministic mock: no high-risk pattern detected.,0.65,mock
597,test,33.941463985117004,42.96591900248217,-9.024455017365163,33.941463985117004,42.96591900248217,low,0.9630885144268809,synthetic_demo,True,real_gb,False,no_change,Deterministic mock: no high-risk pattern detected.,0.65,mock
598,train,34.9695742154433,42.316520408955306,-7.346946193512004,34.9695742154433,42.316520408955306,low,0.919305582931115,synthetic_demo,True,real_gb,False,no_change,Deterministic mock: no high-risk pattern detected.,0.65,mock
599,test,32.969473387194896,41.08752133774568,-8.118047950550782,32.969473387194896,41.08752133774568,low,0.9482503133864202,synthetic_demo,True,real_gb,False,highlight_relevant,Deterministic mock: elevated time pressure.,0.7,mock
600,train,30.85706434220659,37.77373590696042,-6.916671564753827,30.85706434220659,37.77373590696042,low,0.9280797871050519,synthetic_demo,True,real_gb,False,highlight_relevant,Deterministic mock: elevated time pressure.,0.7,mock
601,train,28.486521930084386,36.9658981102007,-8.479376180116311,28.486521930084386,36.9658981102007,low,0.9479150661003569,synthetic_demo,True,real_gb,False,no_change,Deterministic mock: no high-risk pattern detected.,0.65,mock
602,test,30.796022418118874,44.52121813862896,-13.725195720510087,30.796022418118874,44.52121813862896,low,0.9534664305250058,synthetic_demo,True,real_gb,False,no_change,Deterministic mock: no high-risk pattern detected.,0.65,mock
603,train,28.70375369717239,37.055256414738935,-8.351502717566543,28.70375369717239,37.055256414738935,low,0.9377466576446564,synthetic_demo,True,real_gb,False,highlight_relevant,Deterministic mock: elevated time pressure.,0.7,mock
604,train,33.94040325948497,39.41135010460607,-5.470946845121105,33.94040325948497,39.41135010460607,low,0.9381918047650771,synthetic_demo,True,real_gb,False,highlight_relevant,Deterministic mock: elevated time pressure.,0.7,mock
605,train,46.040472135677355,45.843876373786685,0.19659576189066996,46.040472135677355,45.843876373786685,low,0.9375652682382778,synthetic_demo,True,real_gb,False,simplify_ui,Deterministic mock: elevated predicted load or complexity.,0.75,mock
606,train,47.239962681932965,45.738546719915156,1.5014159620178091,47.239962681932965,45.738546719915156,low,0.9284072159196622,synthetic_demo,True,real_gb,False,simplify_ui,Deterministic mock: elevated predicted load or complexity.,0.75,mock
607,train,48.06470380581762,44.44047076531062,3.6242330405070007,48.06470380581762,44.44047076531062,low,0.9351303402339646,synthetic_demo,True,real_gb,False,highlight_relevant,Deterministic mock: elevated time pressure.,0.7,mock
608,train,29.400839235308585,36.86412827748155,-7.463289042172963,29.400839235308585,36.86412827748155,low,0.9440031736045815,synthetic_demo,True,real_gb,False,no_change,Deterministic mock: no high-risk pattern detected.,0.65,mock
609,test,41.988926458909376,40.4482481740594,1.5406782848499745,41.988926458909376,40.4482481740594,low,0.9670516588199574,synthetic_demo,True,real_gb,False,no_change,Deterministic mock: no high-risk pattern detected.,0.65,mock
610,train,44.05745534627968,41.9531499416098,2.10430540466988,44.05745534627968,41.9531499416098,low,0.9385031452771911,synthetic_demo,True,real_gb,False,no_change,Deterministic mock: no high-risk pattern detected.,0.65,mock
611,test,39.765784190929836,42.82677904013359,-3.0609948492037518,39.765784190929836,42.82677904013359,low,0.9321942270337238,synthetic_demo,True,real_gb,False,highlight_relevant,Deterministic mock: elevated time pressure.,0.7,mock
612,train,47.70403856203625,44.711435534922884,2.9926030271133683,47.70403856203625,44.711435534922884,low,0.930396933768811,synthetic_demo,True,real_gb,False,simplify_ui,Deterministic mock: elevated predicted load or complexity.,0.75,mock
613,train,52.96383389791301,48.07068976142565,4.893144136487365,52.96383389791301,48.07068976142565,low,0.9230976664413817,synthetic_demo,True,real_gb,False,simplify_ui,Deterministic mock: elevated predicted load or complexity.,0.75,mock
614,train,42.49786490625818,43.041093135892275,-0.5432282296340958,42.49786490625818,43.041093135892275,low,0.9249411474865786,synthetic_demo,True,real_gb,False,no_change,Deterministic mock: no high-risk pattern detected.,0.65,mock
615,test,27.480610487420265,36.62612646701571,-9.145515979595444,27.480610487420265,36.62612646701571,low,0.9666393569209937,synthetic_demo,True,real_gb,False,simplify_ui,Deterministic mock: elevated predicted load or complexity.,0.75,mock
616,train,48.1176450194056,45.35433668630243,2.7633083331031685,48.1176450194056,45.35433668630243,low,0.9218819427964803,synthetic_demo,True,real_gb,False,simplify_ui,Deterministic mock: elevated predicted load or complexity.,0.75,mock
617,test,37.798656719244065,45.09819891729866,-7.299542198054596,37.798656719244065,45.09819891729866,low,0.9410535358122348,synthetic_demo,True,real_gb,False,no_change,Deterministic mock: no high-risk pattern detected.,0.65,mock
618,train,39.907324870725716,42.22597942480386,-2.318654554078144,39.907324870725716,42.22597942480386,low,0.9436940715418645,synthetic_demo,True,real_gb,False,no_change,Deterministic mock: no high-risk pattern detected.,0.65,mock
619,train,35.954101047787326,39.846880368714075,-3.892779320926749,35.954101047787326,39.846880368714075,low,0.9489596202108989,synthetic_demo,True,real_gb,False,highlight_relevant,Deterministic mock: elevated time pressure.,0.7,mock
620,train,36.99131135843943,39.58179415939609,-2.590482800956657,36.99131135843943,39.58179415939609,low,0.9248582414472899,synthetic_demo,True,real_gb,False,no_change,Deterministic mock: no high-risk pattern detected.,0.65,mock
621,test,49.44894975791564,47.787891197818325,1.6610585600973167,49.44894975791564,47.787891197818325,low,0.9448740293068802,synthetic_demo,True,real_gb,False,simplify_ui,Deterministic mock: elevated predicted load or complexity.,0.75,mock
622,test,50.76190281476245,44.65254319754523,6.109359617217223,50.76190281476245,44.65254319754523,low,0.9400424306668247,synthetic_demo,True,real_gb,False,simplify_ui,Deterministic mock: elevated predicted load or complexity.,0.75,mock
623,train,29.798937521754805,39.01264321023701,-9.213705688482204,29.798937521754805,39.01264321023701,low,0.9320837503753457,synthetic_demo,True,real_gb,False,no_change,Deterministic mock: no high-risk pattern detected.,0.65,mock
624,train,35.25766699432806,40.90084656665223,-5.643179572324165,35.25766699432806,40.90084656665223,low,0.9606408940952119,synthetic_demo,True,real_gb,False,no_change,Deterministic mock: no high-risk pattern detected.,0.65,mock
625,train,43.58348441254857,42.65177849808025,0.9317059144683242,43.58348441254857,42.65177849808025,low,0.9618169459683508,synthetic_demo,True,real_gb,False,no_change,Deterministic mock: no high-risk pattern detected.,0.65,mock
626,train,30.728818194366873,39.55654849310394,-8.827730298737066,30.728818194366873,39.55654849310394,low,0.919424258650427,synthetic_demo,True,real_gb,False,no_change,Deterministic mock: no high-risk pattern detected.,0.65,mock
627,train,46.8071134160452,45.785052204734306,1.0220612113108913,46.8071134160452,45.785052204734306,low,0.9479106555401776,synthetic_demo,True,real_gb,False,simplify_ui,Deterministic mock: elevated predicted load or complexity.,0.75,mock
628,test,35.806034974178566,44.31808226149923,-8.512047287320662,35.806034974178566,44.31808226149923,low,0.9325156753523782,synthetic_demo,True,real_gb,False,highlight_relevant,Deterministic mock: elevated time pressure.,0.7,mock
629,train,37.549390177720916,40.651995279269194,-3.102605101548278,37.549390177720916,40.651995279269194,low,0.9703428016391575,synthetic_demo,True,real_gb,False,no_change,Deterministic mock: no high-risk pattern detected.,0.65,mock
630,train,43.512983278207756,41.615540614116455,1.897442664091301,43.512983278207756,41.615540614116455,low,0.9085233144788061,synthetic_demo,True,real_gb,False,highlight_relevant,Deterministic mock: elevated time pressure.,0.7,mock
631,train,35.02631668339923,40.33708443159361,-5.31076774819438,35.02631668339923,40.33708443159361,low,0.9352794152555454,synthetic_demo,True,real_gb,False,no_change,Deterministic mock: no high-risk pattern detected.,0.65,mock
632,train,40.913014981994614,41.56549869214251,-0.652483710147898,40.913014981994614,41.56549869214251,low,0.9435033565258246,synthetic_demo,True,real_gb,False,simplify_ui,Deterministic mock: elevated predicted load or complexity.,0.75,mock
633,test,29.904268289227954,37.66741183296384,-7.7631435437358896,29.904268289227954,37.66741183296384,low,0.9251824811120843,synthetic_demo,True,real_gb,False,no_change,Deterministic mock: no high-risk pattern detected.,0.65,mock
634,test,31.22391717818414,42.411107777753756,-11.187190599569615,31.22391717818414,42.411107777753756,low,0.9694127827530329,synthetic_demo,True,real_gb,False,no_change,Deterministic mock: no high-risk pattern detected.,0.65,mock
635,train,47.36407284010674,47.56641757654886,-0.20234473644211448,47.36407284010674,47.56641757654886,low,0.9290634478395465,synthetic_demo,True,real_gb,False,simplify_ui,Deterministic mock: elevated predicted load or complexity.,0.75,mock
636,train,35.566470747985086,40.868284468328675,-5.301813720343588,35.566470747985086,40.868284468328675,low,0.9476224281931529,synthetic_demo,True,real_gb,False,no_change,Deterministic mock: no high-risk pattern detected.,0.65,mock
637,test,33.82144673459512,40.44276787581403,-6.621321141218907,33.82144673459512,40.44276787581403,low,0.963957103304112,synthetic_demo,True,real_gb,False,no_change,Deterministic mock: no high-risk pattern detected.,0.65,mock
638,train,43.5228988895075,43.686113059690726,-0.16321417018322393,43.5228988895075,43.686113059690726,low,0.9555411754204344,synthetic_demo,True,real_gb,False,highlight_relevant,Deterministic mock: elevated time pressure.,0.7,mock
639,train,44.12362759840828,43.4808498940249,0.6427777043833771,44.12362759840828,43.4808498940249,low,0.9772166655755292,synthetic_demo,True,real_gb,False,simplify_ui,Deterministic mock: elevated predicted load or complexity.,0.75,mock
640,test,29.672900112551314,41.030534054193105,-11.35763394164179,29.672900112551314,41.030534054193105,low,0.9353275737750324,synthetic_demo,True,real_gb,False,highlight_relevant,Deterministic mock: elevated time pressure.,0.7,mock
641,test,43.22386891630858,45.16515562007618,-1.9412867037675952,43.22386891630858,45.16515562007618,low,0.9494608184046862,synthetic_demo,True,real_gb,False,no_change,Deterministic mock: no high-risk pattern detected.,0.65,mock
642,test,39.34834012233976,43.1749763929497,-3.8266362706099386,39.34834012233976,43.1749763929497,low,0.955891058538704,synthetic_demo,True,real_gb,False,no_change,Deterministic mock: no high-risk pattern detected.,0.65,mock
643,train,44.10241695223286,45.39201695849735,-1.289600006264493,44.10241695223286,45.39201695849735,low,0.9658491325372981,synthetic_demo,True,real_gb,False,no_change,Deterministic mock: no high-risk pattern detected.,0.65,mock
644,train,40.75475439337944,41.25595869603457,-0.5012043026551254,40.75475439337944,41.25595869603457,low,0.9335076704999303,synthetic_demo,True,real_gb,False,no_change,Deterministic mock: no high-risk pattern detected.,0.65,mock
645,train,38.36831728460318,41.22576919263163,-2.8574519080284517,38.36831728460318,41.22576919263163,low,0.9384022060533878,synthetic_demo,True,real_gb,False,highlight_relevant,Deterministic mock: elevated time pressure.,0.7,mock
646,train,34.16842253456714,42.28092540494575,-8.112502870378606,34.16842253456714,42.28092540494575,low,0.9462453896569364,synthetic_demo,True,real_gb,False,highlight_relevant,Deterministic mock: elevated time pressure.,0.7,mock
647,train,33.643824014025995,38.63278353652626,-4.9889595225002665,33.643824014025995,38.63278353652626,low,0.958027861051285,synthetic_demo,True,real_gb,False,no_change,Deterministic mock: no high-risk pattern detected.,0.65,mock
648,test,24.439214521617796,36.42549373902497,-11.986279217407176,24.439214521617796,36.42549373902497,low,0.9392852153258301,synthetic_demo,True,real_gb,False,no_change,Deterministic mock: no high-risk pattern detected.,0.65,mock
649,train,37.78790110858842,42.219293272985034,-4.4313921643966125,37.78790110858842,42.219293272985034,low,0.940444389131054,synthetic_demo,True,real_gb,False,highlight_relevant,Deterministic mock: elevated time pressure.,0.7,mock
650,train,38.562822733974784,38.58602573040023,-0.023202996425446543,38.562822733974784,38.58602573040023,low,0.9115775758883913,synthetic_demo,True,real_gb,False,no_change,Deterministic mock: no high-risk pattern detected.,0.65,mock
651,test,47.00756646571042,44.66736616227177,2.3402003034386496,47.00756646571042,44.66736616227177,low,0.9478373792574765,synthetic_demo,True,real_gb,False,simplify_ui,Deterministic mock: elevated predicted load or complexity.,0.75,mock
652,train,32.977710102777195,37.41441805801937,-4.436707955242177,32.977710102777195,37.41441805801937,low,0.9378921293339094,synthetic_demo,True,real_gb,False,no_change,Deterministic mock: no high-risk pattern detected.,0.65,mock
653,train,31.154852866222942,39.178131832731786,-8.023278966508844,31.154852866222942,39.178131832731786,low,0.9479058353708774,synthetic_demo,True,real_gb,False,no_change,Deterministic mock: no high-risk pattern detected.,0.65,mock
654,test,31.358622654336155,37.483160327943445,-6.124537673607289,31.358622654336155,37.483160327943445,low,0.9694036160521052,synthetic_demo,True,real_gb,False,no_change,Deterministic mock: no high-risk pattern detected.,0.65,mock
655,train,42.86071519322989,42.46042905482651,0.4002861384033807,42.86071519322989,42.46042905482651,low,0.9300124748221736,synthetic_demo,True,real_gb,False,no_change,Deterministic mock: no high-risk pattern detected.,0.65,mock
656,train,45.65312094077393,43.8539838692309,1.7991370715430293,45.65312094077393,43.8539838692309,low,0.9130375483603987,synthetic_demo,True,real_gb,False,highlight_relevant,Deterministic mock: elevated time pressure.,0.7,mock
657,train,45.881501048309566,45.68574558851716,0.19575545979240871,45.881501048309566,45.68574558851716,low,0.9496918092520722,synthetic_demo,True,real_gb,False,simplify_ui,Deterministic mock: elevated predicted load or complexity.,0.75,mock
658,train,43.88998232242182,43.990811414244575,-0.10082909182275301,43.88998232242182,43.990811414244575,low,0.9340613856001779,synthetic_demo,True,real_gb,False,highlight_relevant,Deterministic mock: elevated time pressure.,0.7,mock
659,train,35.115647588681,40.716814490723095,-5.601166902042095,35.115647588681,40.716814490723095,low,0.9479165454042762,synthetic_demo,True,real_gb,False,highlight_relevant,Deterministic mock: elevated time pressure.,0.7,mock
660,train,46.813765202680706,47.61197892993576,-0.7982137272550531,46.813765202680706,47.61197892993576,low,0.9437340901483703,synthetic_demo,True,real_gb,False,simplify_ui,Deterministic mock: elevated predicted load or complexity.,0.75,mock
661,train,34.070868059939336,37.37678558876939,-3.305917528830051,34.070868059939336,37.37678558876939,low,0.9621679202707624,synthetic_demo,True,real_gb,False,no_change,Deterministic mock: no high-risk pattern detected.,0.65,mock
662,train,34.06561601292944,37.657364967247254,-3.591748954317815,34.06561601292944,37.657364967247254,low,0.9359465679641953,synthetic_demo,True,real_gb,False,no_change,Deterministic mock: no high-risk pattern detected.,0.65,mock
663,train,39.22621790249737,40.900413589758976,-1.6741956872616086,39.22621790249737,40.900413589758976,low,0.9306802594366589,synthetic_demo,True,real_gb,False,highlight_relevant,Deterministic mock: elevated time pressure.,0.7,mock
664,train,44.11617255735957,42.225064215154646,1.891108342204923,44.11617255735957,42.225064215154646,low,0.9541888306886382,synthetic_demo,True,real_gb,False,no_change,Deterministic mock: no high-risk pattern detected.,0.65,mock
665,train,47.2177486154357,45.65939080157712,1.558357813858585,47.2177486154357,45.65939080157712,low,0.9240902579882284,synthetic_demo,True,real_gb,False,simplify_ui,Deterministic mock: elevated predicted load or complexity.,0.75,mock
666,train,41.147367800404155,42.59664962574571,-1.4492818253415578,41.147367800404155,42.59664962574571,low,0.9489832284993838,synthetic_demo,True,real_gb,False,no_change,Deterministic mock: no high-risk pattern detected.,0.65,mock
667,test,31.661422433235952,41.59112069599664,-9.929698262760692,31.661422433235952,41.59112069599664,low,0.9196391785487188,synthetic_demo,True,real_gb,False,no_change,Deterministic mock: no high-risk pattern detected.,0.65,mock
668,train,47.58538142179231,44.68043754592001,2.9049438758723056,47.58538142179231,44.68043754592001,low,0.93853077056819,synthetic_demo,True,real_gb,False,no_change,Deterministic mock: no high-risk pattern detected.,0.65,mock
669,test,35.53543705392775,40.0373617387367,-4.501924684808948,35.53543705392775,40.0373617387367,low,0.9404421052046819,synthetic_demo,True,real_gb,False,no_change,Deterministic mock: no high-risk pattern detected.,0.65,mock
670,train,49.87495012356196,45.57713982728751,4.297810296274449,49.87495012356196,45.57713982728751,low,0.9705129589824768,synthetic_demo,True,real_gb,False,no_change,Deterministic mock: no high-risk pattern detected.,0.65,mock
671,train,37.52514423054931,38.57821232291919,-1.0530680923698839,37.52514423054931,38.57821232291919,low,0.9417442181021709,synthetic_demo,True,real_gb,False,no_change,Deterministic mock: no high-risk pattern detected.,0.65,mock
672,test,28.85023794689298,38.725188043157715,-9.874950096264733,28.85023794689298,38.725188043157715,low,0.9567928757632616,synthetic_demo,True,real_gb,False,no_change,Deterministic mock: no high-risk pattern detected.,0.65,mock
673,train,34.75430315702041,41.62792836594688,-6.8736252089264696,34.75430315702041,41.62792836594688,low,0.9414570777769744,synthetic_demo,True,real_gb,False,no_change,Deterministic mock: no high-risk pattern detected.,0.65,mock
674,train,30.44587521020827,40.542880853857234,-10.097005643648963,30.44587521020827,40.542880853857234,low,0.9681185443732346,synthetic_demo,True,real_gb,False,no_change,Deterministic mock: no high-risk pattern detected.,0.65,mock
675,test,40.76193376093851,41.49186833548212,-0.7299345745436057,40.76193376093851,41.49186833548212,low,0.9702824330069039,synthetic_demo,True,real_gb,False,no_change,Deterministic mock: no high-risk pattern detected.,0.65,mock
676,train,47.272974623592,45.8577085984791,1.4152660251128992,47.272974623592,45.8577085984791,low,0.9643546756863078,synthetic_demo,True,real_gb,False,no_change,Deterministic mock: no high-risk pattern detected.,0.65,mock
677,train,38.60671962903295,40.463631047736584,-1.856911418703632,38.60671962903295,40.463631047736584,low,0.9489295328669877,synthetic_demo,True,real_gb,False,no_change,Deterministic mock: no high-risk pattern detected.,0.65,mock
678,train,41.113900132999476,44.33282865355969,-3.218928520560212,41.113900132999476,44.33282865355969,low,0.9357857101758038,synthetic_demo,True,real_gb,False,highlight_relevant,Deterministic mock: elevated time pressure.,0.7,mock
679,train,34.16967220664831,38.433672207943545,-4.264000001295237,34.16967220664831,38.433672207943545,low,0.9570727878753317,synthetic_demo,True,real_gb,False,no_change,Deterministic mock: no high-risk pattern detected.,0.65,mock
680,train,40.64793035624422,42.83143041911816,-2.1835000628739465,40.64793035624422,42.83143041911816,low,0.9185925742770455,synthetic_demo,True,real_gb,False,simplify_ui,Deterministic mock: elevated predicted load or complexity.,0.75,mock
681,train,38.028247104253566,40.69228715512293,-2.6640400508693673,38.028247104253566,40.69228715512293,low,0.9526947556921102,synthetic_demo,True,real_gb,False,no_change,Deterministic mock: no high-risk pattern detected.,0.65,mock
682,train,50.33504669907344,47.657761406174124,2.677285292899313,50.33504669907344,47.657761406174124,low,0.944722124703299,synthetic_demo,True,real_gb,False,simplify_ui,Deterministic mock: elevated predicted load or complexity.,0.75,mock
683,train,44.9741840937745,44.273830141039085,0.7003539527354121,44.9741840937745,44.273830141039085,low,0.9099029552172956,synthetic_demo,True,real_gb,False,highlight_relevant,Deterministic mock: elevated time pressure.,0.7,mock
684,train,33.76157827928987,38.844188576831115,-5.082610297541244,33.76157827928987,38.844188576831115,low,0.9470578903469286,synthetic_demo,True,real_gb,False,no_change,Deterministic mock: no high-risk pattern detected.,0.65,mock
685,train,40.96990702579526,40.665975336522145,0.30393168927311365,40.96990702579526,40.665975336522145,low,0.9521955690378966,synthetic_demo,True,real_gb,False,no_change,Deterministic mock: no high-risk pattern detected.,0.65,mock
686,train,49.86096599567758,46.91594168738125,2.9450243082963325,49.86096599567758,46.91594168738125,low,0.9363500419516504,synthetic_demo,True,real_gb,False,no_change,Deterministic mock: no high-risk pattern detected.,0.65,mock
687,test,34.231428593001986,42.29373459711528,-8.062306004113296,34.231428593001986,42.29373459711528,low,0.9321538958342596,synthetic_demo,True,real_gb,False,no_change,Deterministic mock: no high-risk pattern detected.,0.65,mock
688,train,33.661578932870654,37.16647577375522,-3.5048968408845624,33.661578932870654,37.16647577375522,low,0.9302764485313235,synthetic_demo,True,real_gb,False,no_change,Deterministic mock: no high-risk pattern detected.,0.65,mock
689,test,48.0644786062377,42.96297173297168,5.101506873266018,48.0644786062377,42.96297173297168,low,0.9457803370459584,synthetic_demo,True,real_gb,False,simplify_ui,Deterministic mock: elevated predicted load or complexity.,0.75,mock
690,train,40.35333220318738,40.55858758150013,-0.20525537831274931,40.35333220318738,40.55858758150013,low,0.9523246926909518,synthetic_demo,True,real_gb,False,no_change,Deterministic mock: no high-risk pattern detected.,0.65,mock
691,train,43.628453288859866,43.791872795039424,-0.16341950617955803,43.628453288859866,43.791872795039424,low,0.9010111470872803,synthetic_demo,True,real_gb,False,highlight_relevant,Deterministic mock: elevated time pressure.,0.7,mock
692,train,40.59037307921568,39.65692645277322,0.9334466264424606,40.59037307921568,39.65692645277322,low,0.943843925924992,synthetic_demo,True,real_gb,False,no_change,Deterministic mock: no high-risk pattern detected.,0.65,mock
693,train,32.16586483749587,41.13829920284175,-8.972434365345883,32.16586483749587,41.13829920284175,low,0.9311173628536813,synthetic_demo,True,real_gb,False,simplify_ui,Deterministic mock: elevated predicted load or complexity.,0.75,mock
694,train,48.089575971818,43.931722874399945,4.157853097418055,48.089575971818,43.931722874399945,low,0.9332106878696684,synthetic_demo,True,real_gb,False,highlight_relevant,Deterministic mock: elevated time pressure.,0.7,mock
695,train,36.44017514295659,39.122866101468,-2.682690958511408,36.44017514295659,39.122866101468,low,0.9458660064496367,synthetic_demo,True,real_gb,False,highlight_relevant,Deterministic mock: elevated time pressure.,0.7,mock
696,train,36.351280454845636,39.466692562934334,-3.115412108088698,36.351280454845636,39.466692562934334,low,0.970631640097227,synthetic_demo,True,real_gb,False,no_change,Deterministic mock: no high-risk pattern detected.,0.65,mock
697,train,41.85381025854717,41.57825736004722,0.2755528984999529,41.85381025854717,41.57825736004722,low,0.9413141098471061,synthetic_demo,True,real_gb,False,highlight_relevant,Deterministic mock: elevated time pressure.,0.7,mock
698,train,30.7405636516494,40.39861930560849,-9.658055653959092,30.7405636516494,40.39861930560849,low,0.945011974039003,synthetic_demo,True,real_gb,False,no_change,Deterministic mock: no high-risk pattern detected.,0.65,mock
699,test,51.4422207941546,47.514145257164884,3.9280755369897165,51.4422207941546,47.514145257164884,low,0.9267429686029531,synthetic_demo,True,real_gb,False,simplify_ui,Deterministic mock: elevated predicted load or complexity.,0.75,mock
700,train,47.29825742248819,46.22707581294113,1.071181609547061,47.29825742248819,46.22707581294113,low,0.9690071305083678,synthetic_demo,True,real_gb,False,simplify_ui,Deterministic mock: elevated predicted load or complexity.,0.75,mock
701,train,30.642865764199385,36.96026055693096,-6.317394792731577,30.642865764199385,36.96026055693096,low,0.948877686502181,synthetic_demo,True,real_gb,False,no_change,Deterministic mock: no high-risk pattern detected.,0.65,mock
702,test,34.54033672149319,40.28656564317469,-5.7462289216814995,34.54033672149319,40.28656564317469,low,0.9678806314906037,synthetic_demo,True,real_gb,False,no_change,Deterministic mock: no high-risk pattern detected.,0.65,mock
703,train,38.60673365694112,42.597838342321616,-3.991104685380499,38.60673365694112,42.597838342321616,low,0.9425532431485172,synthetic_demo,True,real_gb,False,highlight_relevant,Deterministic mock: elevated time pressure.,0.7,mock
704,train,31.370166374913577,38.00620887920998,-6.636042504296402,31.370166374913577,38.00620887920998,low,0.9421336860703412,synthetic_demo,True,real_gb,False,no_change,Deterministic mock: no high-risk pattern detected.,0.65,mock
705,train,44.157956997901174,41.13236871759127,3.025588280309904,44.157956997901174,41.13236871759127,low,0.9462483385148713,synthetic_demo,True,real_gb,False,no_change,Deterministic mock: no high-risk pattern detected.,0.65,mock
706,test,36.99018429929027,46.81387851234474,-9.823694213054473,36.99018429929027,46.81387851234474,low,0.9624085977985234,synthetic_demo,True,real_gb,False,simplify_ui,Deterministic mock: elevated predicted load or complexity.,0.75,mock
707,train,50.9976138963379,45.02158784901929,5.976026047318612,50.9976138963379,45.02158784901929,low,0.9664588940151558,synthetic_demo,True,real_gb,False,no_change,Deterministic mock: no high-risk pattern detected.,0.65,mock
708,train,38.30925509881643,39.89542179782355,-1.5861666990071228,38.30925509881643,39.89542179782355,low,0.9499242577044782,synthetic_demo,True,real_gb,False,highlight_relevant,Deterministic mock: elevated time pressure.,0.7,mock
709,train,42.28286430922893,42.397009014446205,-0.11414470521727793,42.28286430922893,42.397009014446205,low,0.9752892252920113,synthetic_demo,True,real_gb,False,no_change,Deterministic mock: no high-risk pattern detected.,0.65,mock
710,train,44.28475160164211,45.57265843392084,-1.2879068322787361,44.28475160164211,45.57265843392084,low,0.9307356863172283,synthetic_demo,True,real_gb,False,simplify_ui,Deterministic mock: elevated predicted load or complexity.,0.75,mock
711,test,36.012836523370424,40.48364253758918,-4.470806014218759,36.012836523370424,40.48364253758918,low,0.9741819939958314,synthetic_demo,True,real_gb,False,no_change,Deterministic mock: no high-risk pattern detected.,0.65,mock
712,train,35.16798484938023,40.18865520332526,-5.020670353945029,35.16798484938023,40.18865520332526,low,0.974202362307329,synthetic_demo,True,real_gb,False,no_change,Deterministic mock: no high-risk pattern detected.,0.65,mock
713,train,24.336222332803363,35.93562480039759,-11.599402467594228,24.336222332803363,35.93562480039759,low,0.9496322112599968,synthetic_demo,True,real_gb,False,no_change,Deterministic mock: no high-risk pattern detected.,0.65,mock
714,train,33.87992464296598,40.55135781941027,-6.671433176444289,33.87992464296598,40.55135781941027,low,0.9541396704171384,synthetic_demo,True,real_gb,False,no_change,Deterministic mock: no high-risk pattern detected.,0.65,mock
715,train,46.804433516299184,43.635737509535,3.1686960067641863,46.804433516299184,43.635737509535,low,0.9586799619618945,synthetic_demo,True,real_gb,False,no_change,Deterministic mock: no high-risk pattern detected.,0.65,mock
716,train,42.00023407485832,46.66444106301983,-4.66420698816151,42.00023407485832,46.66444106301983,low,0.9746723541404568,synthetic_demo,True,real_gb,False,simplify_ui,Deterministic mock: elevated predicted load or complexity.,0.75,mock
717,train,39.99808139437181,42.45993628359629,-2.461854889224483,39.99808139437181,42.45993628359629,low,0.9572851639579072,synthetic_demo,True,real_gb,False,no_change,Deterministic mock: no high-risk pattern detected.,0.65,mock
718,test,35.961996127961484,41.42220350649113,-5.460207378529645,35.961996127961484,41.42220350649113,low,0.9612650489350406,synthetic_demo,True,real_gb,False,highlight_relevant,Deterministic mock: elevated time pressure.,0.7,mock
719,train,25.707058172550607,34.81449652220159,-9.10743834965098,25.707058172550607,34.81449652220159,low,0.9454097927195731,synthetic_demo,True,real_gb,False,no_change,Deterministic mock: no high-risk pattern detected.,0.65,mock
720,test,47.550867459298104,41.76725681040651,5.783610648891596,47.550867459298104,41.76725681040651,low,0.953109587102158,synthetic_demo,True,real_gb,False,no_change,Deterministic mock: no high-risk pattern detected.,0.65,mock
721,test,42.41766229214628,45.30153301018077,-2.883870718034487,42.41766229214628,45.30153301018077,low,0.9242708919586554,synthetic_demo,True,real_gb,False,simplify_ui,Deterministic mock: elevated predicted load or complexity.,0.75,mock
722,train,32.59572087578348,39.24796955841674,-6.652248682633264,32.59572087578348,39.24796955841674,low,0.9315143717163803,synthetic_demo,True,real_gb,False,no_change,Deterministic mock: no high-risk pattern detected.,0.65,mock
723,train,32.43736259329612,39.33473704320992,-6.897374449913798,32.43736259329612,39.33473704320992,low,0.9462708549720282,synthetic_demo,True,real_gb,False,no_change,Deterministic mock: no high-risk pattern detected.,0.65,mock
724,train,42.97414587330039,44.264682407432275,-1.2905365341318884,42.97414587330039,44.264682407432275,low,0.9315748293745948,synthetic_demo,True,real_gb,False,highlight_relevant,Deterministic mock: elevated time pressure.,0.7,mock
725,train,33.463249012846816,39.28154336760022,-5.818294354753405,33.463249012846816,39.28154336760022,low,0.9131415795579587,synthetic_demo,True,real_gb,False,no_change,Deterministic mock: no high-risk pattern detected.,0.65,mock
726,train,37.778843040812816,39.88409014270577,-2.1052471018929566,37.778843040812816,39.88409014270577,low,0.9033404889980713,synthetic_demo,True,real_gb,False,highlight_relevant,Deterministic mock: elevated time pressure.,0.7,mock
727,train,38.717350408131985,41.043536360779555,-2.3261859526475703,38.717350408131985,41.043536360779555,low,0.959496007003836,synthetic_demo,True,real_gb,False,no_change,Deterministic mock: no high-risk pattern detected.,0.65,mock
728,train,30.622723291463274,36.75783350543125,-6.135110213967977,30.622723291463274,36.75783350543125,low,0.9525893968387942,synthetic_demo,True,real_gb,False,no_change,Deterministic mock: no high-risk pattern detected.,0.65,mock
729,train,33.53614226552265,38.67968172925265,-5.143539463730001,33.53614226552265,38.67968172925265,low,0.9633945002725652,synthetic_demo,True,real_gb,False,no_change,Deterministic mock: no high-risk pattern detected.,0.65,mock
730,test,37.48493666751626,39.857959371350184,-2.373022703833925,37.48493666751626,39.857959371350184,low,0.9056008500151949,synthetic_demo,True,real_gb,False,no_change,Deterministic mock: no high-risk pattern detected.,0.65,mock
731,train,40.14805559750307,41.60982371842741,-1.46176812092434,40.14805559750307,41.60982371842741,low,0.9175546931563978,synthetic_demo,True,real_gb,False,highlight_relevant,Deterministic mock: elevated time pressure.,0.7,mock
732,test,34.36369071566154,41.28946167529025,-6.925770959628707,34.36369071566154,41.28946167529025,low,0.9479531445042496,synthetic_demo,True,real_gb,False,no_change,Deterministic mock: no high-risk pattern detected.,0.65,mock
733,train,52.61057388081121,47.21575307529944,5.39482080551177,52.61057388081121,47.21575307529944,low,0.912860540411027,synthetic_demo,True,real_gb,False,simplify_ui,Deterministic mock: elevated predicted load or complexity.,0.75,mock
734,train,38.208361777976876,41.94144452758041,-3.7330827496035326,38.208361777976876,41.94144452758041,low,0.9463686158256062,synthetic_demo,True,real_gb,False,no_change,Deterministic mock: no high-risk pattern detected.,0.65,mock
735,test,55.54824346927247,45.31049250779686,10.237750961475612,55.54824346927247,45.31049250779686,low,0.9219135291188776,synthetic_demo,True,real_gb,False,simplify_ui,Deterministic mock: elevated predicted load or complexity.,0.75,mock
736,test,47.119795064481735,43.229067193560354,3.8907278709213813,47.119795064481735,43.229067193560354,low,0.8768994008573275,synthetic_demo,True,real_gb,False,simplify_ui,Deterministic mock: elevated predicted load or complexity.,0.75,mock
737,train,40.373179123968015,40.566416442622554,-0.19323731865453908,40.373179123968015,40.566416442622554,low,0.9511234615554375,synthetic_demo,True,real_gb,False,no_change,Deterministic mock: no high-risk pattern detected.,0.65,mock
738,train,35.746194152733565,38.72589719294036,-2.979703040206793,35.746194152733565,38.72589719294036,low,0.9450615086384833,synthetic_demo,True,real_gb,False,highlight_relevant,Deterministic mock: elevated time pressure.,0.7,mock
739,train,42.009136292186476,43.03893725102106,-1.029800958834585,42.009136292186476,43.03893725102106,low,0.9161979127241718,synthetic_demo,True,real_gb,False,simplify_ui,Deterministic mock: elevated predicted load or complexity.,0.75,mock
740,train,36.96354208169886,40.2046046752623,-3.2410625935634414,36.96354208169886,40.2046046752623,low,0.9506021733240791,synthetic_demo,True,real_gb,False,no_change,Deterministic mock: no high-risk pattern detected.,0.65,mock
741,train,40.687685281630806,42.94404669198353,-2.2563614103527243,40.687685281630806,42.94404669198353,low,0.9563625418647307,synthetic_demo,True,real_gb,False,no_change,Deterministic mock: no high-risk pattern detected.,0.65,mock
742,train,30.931780864621285,40.739548806467994,-9.80776794184671,30.931780864621285,40.739548806467994,low,0.9459630435926513,synthetic_demo,True,real_gb,False,no_change,Deterministic mock: no high-risk pattern detected.,0.65,mock
743,train,36.42968007835134,39.8883701636203,-3.4586900852689624,36.42968007835134,39.8883701636203,low,0.9338516723572899,synthetic_demo,True,real_gb,False,no_change,Deterministic mock: no high-risk pattern detected.,0.65,mock
744,train,41.30450575249759,42.27547091817268,-0.9709651656750893,41.30450575249759,42.27547091817268,low,0.935814249552218,synthetic_demo,True,real_gb,False,simplify_ui,Deterministic mock: elevated predicted load or complexity.,0.75,mock
745,train,39.330169184831426,42.75720862680801,-3.427039441976582,39.330169184831426,42.75720862680801,low,0.9183791736515683,synthetic_demo,True,real_gb,False,no_change,Deterministic mock: no high-risk pattern detected.,0.65,mock
746,train,45.994824835275935,46.74080545903349,-0.7459806237575535,45.994824835275935,46.74080545903349,low,0.9467906441011915,synthetic_demo,True,real_gb,False,simplify_ui,Deterministic mock: elevated predicted load or complexity.,0.75,mock
747,train,50.92508857962614,48.39816670261935,2.5269218770067923,50.92508857962614,48.39816670261935,low,0.9352589581690826,synthetic_demo,True,real_gb,False,no_change,Deterministic mock: no high-risk pattern detected.,0.65,mock
748,train,39.996508639180306,43.81702677708473,-3.820518137904422,39.996508639180306,43.81702677708473,low,0.9506067535326048,synthetic_demo,True,real_gb,False,no_change,Deterministic mock: no high-risk pattern detected.,0.65,mock
749,test,39.67798654767613,44.92722481886649,-5.2492382711903645,39.67798654767613,44.92722481886649,low,0.962825178160537,synthetic_demo,True,real_gb,False,no_change,Deterministic mock: no high-risk pattern detected.,0.65,mock
750,train,38.66228297168446,44.456006589165284,-5.793723617480822,38.66228297168446,44.456006589165284,low,0.9396442719744905,synthetic_demo,True,real_gb,False,simplify_ui,Deterministic mock: elevated predicted load or complexity.,0.75,mock
751,train,40.88209060427699,43.48660284209522,-2.604512237818234,40.88209060427699,43.48660284209522,low,0.8885462586034945,synthetic_demo,True,real_gb,False,simplify_ui,Deterministic mock: elevated predicted load or complexity.,0.75,mock
752,test,47.56582512018501,47.75315924854521,-0.1873341283601988,47.56582512018501,47.75315924854521,low,0.9166588806907195,synthetic_demo,True,real_gb,False,simplify_ui,Deterministic mock: elevated predicted load or complexity.,0.75,mock
753,train,39.65728890027614,44.073848982001365,-4.416560081725223,39.65728890027614,44.073848982001365,low,0.9511004054761529,synthetic_demo,True,real_gb,False,no_change,Deterministic mock: no high-risk pattern detected.,0.65,mock
754,train,46.38387054241726,45.16195134369223,1.2219191987250326,46.38387054241726,45.16195134369223,low,0.958239094251054,synthetic_demo,True,real_gb,False,no_change,Deterministic mock: no high-risk pattern detected.,0.65,mock
755,train,42.135346155039535,43.63024925996217,-1.494903104922635,42.135346155039535,43.63024925996217,low,0.9318712878397658,synthetic_demo,True,real_gb,False,highlight_relevant,Deterministic mock: elevated time pressure.,0.7,mock
756,train,36.91780284498832,41.75096268623504,-4.833159841246719,36.91780284498832,41.75096268623504,low,0.918424333923183,synthetic_demo,True,real_gb,False,simplify_ui,Deterministic mock: elevated predicted load or complexity.,0.75,mock
757,train,47.44963750721408,43.99038090263551,3.45925660457857,47.44963750721408,43.99038090263551,low,0.9402335669903626,synthetic_demo,True,real_gb,False,simplify_ui,Deterministic mock: elevated predicted load or complexity.,0.75,mock
758,train,37.17474398500214,40.74492512579611,-3.57018114079397,37.17474398500214,40.74492512579611,low,0.9506220979701321,synthetic_demo,True,real_gb,False,no_change,Deterministic mock: no high-risk pattern detected.,0.65,mock
759,train,30.166345749884282,39.62065554366927,-9.45430979378499,30.166345749884282,39.62065554366927,low,0.9291849849553083,synthetic_demo,True,real_gb,False,no_change,Deterministic mock: no high-risk pattern detected.,0.65,mock
760,train,38.55190479409149,42.93073543034333,-4.378830636251841,38.55190479409149,42.93073543034333,low,0.9571890702291407,synthetic_demo,True,real_gb,False,no_change,Deterministic mock: no high-risk pattern detected.,0.65,mock
761,train,40.191564455519504,41.51632851895022,-1.3247640634307132,40.191564455519504,41.51632851895022,low,0.9607883631070135,synthetic_demo,True,real_gb,False,no_change,Deterministic mock: no high-risk pattern detected.,0.65,mock
762,train,36.569857616891596,38.73664264266599,-2.166785025774395,36.569857616891596,38.73664264266599,low,0.9277653270820636,synthetic_demo,True,real_gb,False,highlight_relevant,Deterministic mock: elevated time pressure.,0.7,mock
763,test,37.40821276641489,39.29099990686797,-1.8827871404530754,37.40821276641489,39.29099990686797,low,0.9353796353724187,synthetic_demo,True,real_gb,False,no_change,Deterministic mock: no high-risk pattern detected.,0.65,mock
764,train,37.97189473196561,40.89527252925702,-2.9233777972914083,37.97189473196561,40.89527252925702,low,0.9671346044155555,synthetic_demo,True,real_gb,False,simplify_ui,Deterministic mock: elevated predicted load or complexity.,0.75,mock
765,train,39.284485546790386,39.09886335140796,0.18562219538242886,39.284485546790386,39.09886335140796,low,0.9403061186210326,synthetic_demo,True,real_gb,False,no_change,Deterministic mock: no high-risk pattern detected.,0.65,mock
766,train,27.4025769210704,35.67622969223739,-8.273652771166994,27.4025769210704,35.67622969223739,low,0.9669765758552523,synthetic_demo,True,real_gb,False,no_change,Deterministic mock: no high-risk pattern detected.,0.65,mock
767,train,49.5519820933368,46.22076874414339,3.331213349193405,49.5519820933368,46.22076874414339,low,0.9640600845769205,synthetic_demo,True,real_gb,False,highlight_relevant,Deterministic mock: elevated time pressure.,0.7,mock
768,train,26.7500963378296,34.407785249070486,-7.657688911240886,26.7500963378296,34.407785249070486,low,0.9564423054965249,synthetic_demo,True,real_gb,False,no_change,Deterministic mock: no high-risk pattern detected.,0.65,mock
769,train,47.2147072375956,44.46278251743797,2.751924720157625,47.2147072375956,44.46278251743797,low,0.9463987212159506,synthetic_demo,True,real_gb,False,no_change,Deterministic mock: no high-risk pattern detected.,0.65,mock
770,train,42.464808749840856,42.30611750377393,0.15869124606692253,42.464808749840856,42.30611750377393,low,0.9444991534769441,synthetic_demo,True,real_gb,False,no_change,Deterministic mock: no high-risk pattern detected.,0.65,mock
771,train,44.384324666432384,43.93893430028671,0.4453903661456735,44.384324666432384,43.93893430028671,low,0.9531685587378426,synthetic_demo,True,real_gb,False,highlight_relevant,Deterministic mock: elevated time pressure.,0.7,mock
772,train,44.93705179153649,44.649580082783956,0.287471708752534,44.93705179153649,44.649580082783956,low,0.9164426950530062,synthetic_demo,True,real_gb,False,simplify_ui,Deterministic mock: elevated predicted load or complexity.,0.75,mock
773,train,28.424166619958662,38.90145626758244,-10.477289647623778,28.424166619958662,38.90145626758244,low,0.9573594621831967,synthetic_demo,True,real_gb,False,no_change,Deterministic mock: no high-risk pattern detected.,0.65,mock
774,train,45.01306615322335,44.67399193308365,0.33907422013970034,45.01306615322335,44.67399193308365,low,0.9536593276926616,synthetic_demo,True,real_gb,False,no_change,Deterministic mock: no high-risk pattern detected.,0.65,mock
775,train,51.4207412227595,47.214722023737366,4.206019199022137,51.4207412227595,47.214722023737366,low,0.929732467354357,synthetic_demo,True,real_gb,False,simplify_ui,Deterministic mock: elevated predicted load or complexity.,0.75,mock
776,train,32.95418213490986,38.8029520846012,-5.848769949691345,32.95418213490986,38.8029520846012,low,0.957146370357264,synthetic_demo,True,real_gb,False,no_change,Deterministic mock: no high-risk pattern detected.,0.65,mock
777,train,44.65896924904848,45.611353946827435,-0.9523846977789532,44.65896924904848,45.611353946827435,low,0.9407479094001944,synthetic_demo,True,real_gb,False,simplify_ui,Deterministic mock: elevated predicted load or complexity.,0.75,mock
778,train,46.91608322809179,44.72724264945137,2.1888405786404235,46.91608322809179,44.72724264945137,low,0.9408629789969588,synthetic_demo,True,real_gb,False,simplify_ui,Deterministic mock: elevated predicted load or complexity.,0.75,mock
779,test,42.19217852726263,41.955843527475004,0.23633499978762273,42.19217852726263,41.955843527475004,low,0.9456217245283295,synthetic_demo,True,real_gb,False,no_change,Deterministic mock: no high-risk pattern detected.,0.65,mock
780,train,40.242062013252784,43.28221315804153,-3.0401511447887444,40.242062013252784,43.28221315804153,low,0.9378811528486474,synthetic_demo,True,real_gb,False,simplify_ui,Deterministic mock: elevated predicted load or complexity.,0.75,mock
781,train,30.18774515072377,39.052009122898376,-8.864263972174605,30.18774515072377,39.052009122898376,low,0.9615018653460347,synthetic_demo,True,real_gb,False,no_change,Deterministic mock: no high-risk pattern detected.,0.65,mock
782,train,31.182710208195147,40.26007638961576,-9.077366181420615,31.182710208195147,40.26007638961576,low,0.97444645297932,synthetic_demo,True,real_gb,False,no_change,Deterministic mock: no high-risk pattern detected.,0.65,mock
783,train,37.49672116071105,40.113658106379305,-2.6169369456682574,37.49672116071105,40.113658106379305,low,0.9792332148415362,synthetic_demo,True,real_gb,False,no_change,Deterministic mock: no high-risk pattern detected.,0.65,mock
784,train,34.085915984431644,39.20599978412944,-5.120083799697795,34.085915984431644,39.20599978412944,low,0.9501920129769886,synthetic_demo,True,real_gb,False,no_change,Deterministic mock: no high-risk pattern detected.,0.65,mock
785,train,44.64801666579409,43.83219041044476,0.8158262553493287,44.64801666579409,43.83219041044476,low,0.9329225110716911,synthetic_demo,True,real_gb,False,no_change,Deterministic mock: no high-risk pattern detected.,0.65,mock
786,test,39.84584379694287,42.797959292140284,-2.952115495197411,39.84584379694287,42.797959292140284,low,0.9550855978341485,synthetic_demo,True,real_gb,False,highlight_relevant,Deterministic mock: elevated time pressure.,0.7,mock
787,train,35.944207909962515,40.795453410523095,-4.85124550056058,35.944207909962515,40.795453410523095,low,0.9460161952373431,synthetic_demo,True,real_gb,False,highlight_relevant,Deterministic mock: elevated time pressure.,0.7,mock
788,train,23.88410627232482,37.783026805979404,-13.898920533654582,23.88410627232482,37.783026805979404,low,0.9649587682743777,synthetic_demo,True,real_gb,False,no_change,Deterministic mock: no high-risk pattern detected.,0.65,mock
789,train,42.868008623033354,42.27698149743739,0.5910271255959643,42.868008623033354,42.27698149743739,low,0.960025736586012,synthetic_demo,True,real_gb,False,no_change,Deterministic mock: no high-risk pattern detected.,0.65,mock
790,test,22.504391480479256,34.287340390814094,-11.782948910334838,22.504391480479256,34.287340390814094,low,0.927904108544608,synthetic_demo,True,real_gb,False,no_change,Deterministic mock: no high-risk pattern detected.,0.65,mock
791,test,37.23818719335158,42.63731308390637,-5.399125890554792,37.23818719335158,42.63731308390637,low,0.9273221036116523,synthetic_demo,True,real_gb,False,no_change,Deterministic mock: no high-risk pattern detected.,0.65,mock
792,train,29.998247446243287,36.85867550551322,-6.860428059269932,29.998247446243287,36.85867550551322,low,0.9489020259712431,synthetic_demo,True,real_gb,False,no_change,Deterministic mock: no high-risk pattern detected.,0.65,mock
793,train,36.28412520064451,40.445118388930965,-4.160993188286454,36.28412520064451,40.445118388930965,low,0.9459796984600741,synthetic_demo,True,real_gb,False,no_change,Deterministic mock: no high-risk pattern detected.,0.65,mock
794,train,45.494504773415755,43.453588052199564,2.040916721216192,45.494504773415755,43.453588052199564,low,0.9381591371771172,synthetic_demo,True,real_gb,False,highlight_relevant,Deterministic mock: elevated time pressure.,0.7,mock
795,train,38.42839648293498,44.4034063748555,-5.9750098919205215,38.42839648293498,44.4034063748555,low,0.9412007844906469,synthetic_demo,True,real_gb,False,highlight_relevant,Deterministic mock: elevated time pressure.,0.7,mock
796,train,39.7491901009615,41.43867100926049,-1.6894809082989894,39.7491901009615,41.43867100926049,low,0.9489681778422986,synthetic_demo,True,real_gb,False,highlight_relevant,Deterministic mock: elevated time pressure.,0.7,mock
797,train,30.29700334130826,39.64914610070174,-9.352142759393484,30.29700334130826,39.64914610070174,low,0.937148537016909,synthetic_demo,True,real_gb,False,no_change,Deterministic mock: no high-risk pattern detected.,0.65,mock
798,train,46.31858480988163,46.9160370152792,-0.5974522053975733,46.31858480988163,46.9160370152792,low,0.937515596280743,synthetic_demo,True,real_gb,False,simplify_ui,Deterministic mock: elevated predicted load or complexity.,0.75,mock
799,train,36.4916571597219,39.68043135537168,-3.1887741956497777,36.4916571597219,39.68043135537168,low,0.9401900297116144,synthetic_demo,True,real_gb,False,simplify_ui,Deterministic mock: elevated predicted load or complexity.,0.75,mock
800,train,42.19556975789166,42.55040742913862,-0.35483767124696186,42.19556975789166,42.55040742913862,low,0.9403146744858836,synthetic_demo,True,real_gb,False,highlight_relevant,Deterministic mock: elevated time pressure.,0.7,mock
801,train,33.53415652818612,38.81538517174894,-5.281228643562827,33.53415652818612,38.81538517174894,low,0.9489575118124743,synthetic_demo,True,real_gb,False,highlight_relevant,Deterministic mock: elevated time pressure.,0.7,mock
802,train,32.22561067932412,37.863364973781664,-5.637754294457544,32.22561067932412,37.863364973781664,low,0.9474853974528941,synthetic_demo,True,real_gb,False,highlight_relevant,Deterministic mock: elevated time pressure.,0.7,mock
803,train,44.2911598658035,44.45079818895094,-0.15963832314744053,44.2911598658035,44.45079818895094,low,0.9352179821530682,synthetic_demo,True,real_gb,False,highlight_relevant,Deterministic mock: elevated time pressure.,0.7,mock
804,train,38.78524177615807,38.892357196907945,-0.1071154207498779,38.78524177615807,38.892357196907945,low,0.9597184777455979,synthetic_demo,True,real_gb,False,no_change,Deterministic mock: no high-risk pattern detected.,0.65,mock
805,train,30.96070716565395,40.25370755536472,-9.29300038971077,30.96070716565395,40.25370755536472,low,0.9454840040112871,synthetic_demo,True,real_gb,False,simplify_ui,Deterministic mock: elevated predicted load or complexity.,0.75,mock
806,train,41.64788453034806,43.751426513402095,-2.1035419830540363,41.64788453034806,43.751426513402095,low,0.9387093577835804,synthetic_demo,True,real_gb,False,simplify_ui,Deterministic mock: elevated predicted load or complexity.,0.75,mock
807,train,32.69651347861227,36.89355264472252,-4.197039166110251,32.69651347861227,36.89355264472252,low,0.9323949484945069,synthetic_demo,True,real_gb,False,no_change,Deterministic mock: no high-risk pattern detected.,0.65,mock
808,train,28.373354012601737,36.67391930718338,-8.300565294581645,28.373354012601737,36.67391930718338,low,0.9280844145770779,synthetic_demo,True,real_gb,False,no_change,Deterministic mock: no high-risk pattern detected.,0.65,mock
809,test,53.18768243067943,48.83972165038662,4.347960780292809,53.18768243067943,48.83972165038662,low,0.9217592107466185,synthetic_demo,True,real_gb,False,simplify_ui,Deterministic mock: elevated predicted load or complexity.,0.75,mock
810,train,35.14428733586171,40.190633509827755,-5.046346173966043,35.14428733586171,40.190633509827755,low,0.9462334913432516,synthetic_demo,True,real_gb,False,no_change,Deterministic mock: no high-risk pattern detected.,0.65,mock
811,train,52.09548066671057,46.95895168951673,5.136528977193841,52.09548066671057,46.95895168951673,low,0.9017128635930675,synthetic_demo,True,real_gb,False,simplify_ui,Deterministic mock: elevated predicted load or complexity.,0.75,mock
812,test,40.69951573050559,40.858716818170514,-0.15920108766492547,40.69951573050559,40.858716818170514,low,0.9432697136741306,synthetic_demo,True,real_gb,False,highlight_relevant,Deterministic mock: elevated time pressure.,0.7,mock
813,train,29.124628879360042,38.47158391160957,-9.346955032249529,29.124628879360042,38.47158391160957,low,0.9361100591105355,synthetic_demo,True,real_gb,False,no_change,Deterministic mock: no high-risk pattern detected.,0.65,mock
814,train,36.897400997136124,41.44847154877645,-4.551070551640329,36.897400997136124,41.44847154877645,low,0.9290688058992601,synthetic_demo,True,real_gb,False,simplify_ui,Deterministic mock: elevated predicted load or complexity.,0.75,mock
815,train,23.73872593464717,36.01397886245581,-12.275252927808637,23.73872593464717,36.01397886245581,low,0.9381323883776456,synthetic_demo,True,real_gb,False,no_change,Deterministic mock: no high-risk pattern detected.,0.65,mock
816,train,57.586400835555494,49.409802242178216,8.176598593377278,57.586400835555494,49.409802242178216,low,0.9408113396511353,synthetic_demo,True,real_gb,False,simplify_ui,Deterministic mock: elevated predicted load or complexity.,0.75,mock
817,train,36.20856319243757,42.997703450252615,-6.789140257815042,36.20856319243757,42.997703450252615,low,0.9504670139278893,synthetic_demo,True,real_gb,False,no_change,Deterministic mock: no high-risk pattern detected.,0.65,mock
818,train,52.954117895082085,46.61341365443368,6.340704240648407,52.954117895082085,46.61341365443368,low,0.9637193075913467,synthetic_demo,True,real_gb,False,simplify_ui,Deterministic mock: elevated predicted load or complexity.,0.75,mock
819,train,24.130741368197416,35.885104937899925,-11.754363569702509,24.130741368197416,35.885104937899925,low,0.924319285081075,synthetic_demo,True,real_gb,False,no_change,Deterministic mock: no high-risk pattern detected.,0.65,mock
820,test,47.97823225695616,43.48398664144748,4.494245615508682,47.97823225695616,43.48398664144748,low,0.9387383035388744,synthetic_demo,True,real_gb,False,no_change,Deterministic mock: no high-risk pattern detected.,0.65,mock
821,test,30.662359103042135,43.49064632509855,-12.828287222056417,30.662359103042135,43.49064632509855,low,0.9210661012122101,synthetic_demo,True,real_gb,False,no_change,Deterministic mock: no high-risk pattern detected.,0.65,mock
822,train,49.996750043259865,47.63119791640271,2.3655521268571533,49.996750043259865,47.63119791640271,low,0.9120998870452683,synthetic_demo,True,real_gb,False,simplify_ui,Deterministic mock: elevated predicted load or complexity.,0.75,mock
823,train,43.062955162738554,42.40239031912458,0.6605648436139759,43.062955162738554,42.40239031912458,low,0.9286359586951874,synthetic_demo,True,real_gb,False,highlight_relevant,Deterministic mock: elevated time pressure.,0.7,mock
824,train,35.166415607339665,40.05727078219522,-4.890855174855552,35.166415607339665,40.05727078219522,low,0.9402177864404467,synthetic_demo,True,real_gb,False,highlight_relevant,Deterministic mock: elevated time pressure.,0.7,mock
825,train,48.2898016164921,47.050928734034954,1.2388728824571444,48.2898016164921,47.050928734034954,low,0.9420359819710188,synthetic_demo,True,real_gb,False,simplify_ui,Deterministic mock: elevated predicted load or complexity.,0.75,mock
826,train,27.01025627467685,37.69623107543792,-10.685974800761073,27.01025627467685,37.69623107543792,low,0.9484397122748719,synthetic_demo,True,real_gb,False,highlight_relevant,Deterministic mock: elevated time pressure.,0.7,mock
827,test,35.767105049098035,41.24595300338923,-5.478847954291197,35.767105049098035,41.24595300338923,low,0.9566918429459922,synthetic_demo,True,real_gb,False,highlight_relevant,Deterministic mock: elevated time pressure.,0.7,mock
828,test,47.23282491719388,41.932814055612425,5.300010861581455,47.23282491719388,41.932814055612425,low,0.9372905675556393,synthetic_demo,True,real_gb,False,highlight_relevant,Deterministic mock: elevated time pressure.,0.7,mock
829,train,29.666393769692394,38.36365055459478,-8.697256784902383,29.666393769692394,38.36365055459478,low,0.9525090455115902,synthetic_demo,True,real_gb,False,no_change,Deterministic mock: no high-risk pattern detected.,0.65,mock
830,train,42.18606464150993,42.60985058424197,-0.42378594273203873,42.18606464150993,42.60985058424197,low,0.9691975837669746,synthetic_demo,True,real_gb,False,no_change,Deterministic mock: no high-risk pattern detected.,0.65,mock
831,train,34.588825402577136,38.87145263506853,-4.282627232491393,34.588825402577136,38.87145263506853,low,0.943660986428408,synthetic_demo,True,real_gb,False,no_change,Deterministic mock: no high-risk pattern detected.,0.65,mock
832,test,30.64314292223753,40.26519882684113,-9.622055904603599,30.64314292223753,40.26519882684113,low,0.9699374843142449,synthetic_demo,True,real_gb,False,no_change,Deterministic mock: no high-risk pattern detected.,0.65,mock
833,train,40.359570784925104,42.71996955472777,-2.3603987698026643,40.359570784925104,42.71996955472777,low,0.9204923679720161,synthetic_demo,True,real_gb,False,no_change,Deterministic mock: no high-risk pattern detected.,0.65,mock
834,train,35.92230079075238,40.13559587135679,-4.213295080604411,35.92230079075238,40.13559587135679,low,0.9462810869459126,synthetic_demo,True,real_gb,False,no_change,Deterministic mock: no high-risk pattern detected.,0.65,mock
835,train,37.32141437699251,39.90082969464758,-2.5794153176550694,37.32141437699251,39.90082969464758,low,0.9694030042703161,synthetic_demo,True,real_gb,False,no_change,Deterministic mock: no high-risk pattern detected.,0.65,mock
836,train,44.3651412476856,45.17957811453536,-0.8144368668497606,44.3651412476856,45.17957811453536,low,0.943526248980271,synthetic_demo,True,real_gb,False,highlight_relevant,Deterministic mock: elevated time pressure.,0.7,mock
837,test,26.038043398326614,38.90123289806563,-12.863189499739015,26.038043398326614,38.90123289806563,low,0.9482708637608993,synthetic_demo,True,real_gb,False,no_change,Deterministic mock: no high-risk pattern detected.,0.65,mock
838,train,37.120810582440726,40.12136523763862,-3.000554655197895,37.120810582440726,40.12136523763862,low,0.93345730242674,synthetic_demo,True,real_gb,False,highlight_relevant,Deterministic mock: elevated time pressure.,0.7,mock
839,train,40.44222098593517,42.04940792712771,-1.6071869411925377,40.44222098593517,42.04940792712771,low,0.9622874773645322,synthetic_demo,True,real_gb,False,highlight_relevant,Deterministic mock: elevated time pressure.,0.7,mock
840,train,45.23184339469892,44.99185921394224,0.2399841807566787,45.23184339469892,44.99185921394224,low,0.9208715990903433,synthetic_demo,True,real_gb,False,highlight_relevant,Deterministic mock: elevated time pressure.,0.7,mock
841,train,44.200012359795295,43.835495560426786,0.3645167993685092,44.200012359795295,43.835495560426786,low,0.9526991266058188,synthetic_demo,True,real_gb,False,highlight_relevant,Deterministic mock: elevated time pressure.,0.7,mock
842,train,46.67055405227476,43.88426635050443,2.786287701770327,46.67055405227476,43.88426635050443,low,0.9490821257320468,synthetic_demo,True,real_gb,False,no_change,Deterministic mock: no high-risk pattern detected.,0.65,mock
843,test,43.373130337323026,45.96220310111474,-2.5890727637917124,43.373130337323026,45.96220310111474,low,0.935448451677571,synthetic_demo,True,real_gb,False,simplify_ui,Deterministic mock: elevated predicted load or complexity.,0.75,mock
844,train,47.05718183977318,45.94539422463596,1.1117876151372172,47.05718183977318,45.94539422463596,low,0.9324852481414431,synthetic_demo,True,real_gb,False,highlight_relevant,Deterministic mock: elevated time pressure.,0.7,mock
845,train,41.55491047114594,43.56982919223924,-2.014918721093302,41.55491047114594,43.56982919223924,low,0.9343644290246539,synthetic_demo,True,real_gb,False,simplify_ui,Deterministic mock: elevated predicted load or complexity.,0.75,mock
846,train,52.44620337574224,46.2796609665003,6.166542409241941,52.44620337574224,46.2796609665003,low,0.9667286637124001,synthetic_demo,True,real_gb,False,no_change,Deterministic mock: no high-risk pattern detected.,0.65,mock
847,train,42.010537205262786,42.710755772287776,-0.7002185670249901,42.010537205262786,42.710755772287776,low,0.9548202509059494,synthetic_demo,True,real_gb,False,no_change,Deterministic mock: no high-risk pattern detected.,0.65,mock
848,train,40.09282803772201,42.64847650525719,-2.5556484675351854,40.09282803772201,42.64847650525719,low,0.9301342793962392,synthetic_demo,True,real_gb,False,simplify_ui,Deterministic mock: elevated predicted load or complexity.,0.75,mock
849,train,34.17570822232327,41.70205398976599,-7.52634576744272,34.17570822232327,41.70205398976599,low,0.9346257789553705,synthetic_demo,True,real_gb,False,no_change,Deterministic mock: no high-risk pattern detected.,0.65,mock
850,test,39.84507333218216,39.68624053905189,0.15883279313027288,39.84507333218216,39.68624053905189,low,0.9493532048587668,synthetic_demo,True,real_gb,False,no_change,Deterministic mock: no high-risk pattern detected.,0.65,mock
851,test,30.563865298429437,39.331232673355345,-8.767367374925907,30.563865298429437,39.331232673355345,low,0.9565304198668856,synthetic_demo,True,real_gb,False,no_change,Deterministic mock: no high-risk pattern detected.,0.65,mock
852,train,40.45817823850574,42.02775330223506,-1.5695750637293244,40.45817823850574,42.02775330223506,low,0.9555733816433467,synthetic_demo,True,real_gb,False,simplify_ui,Deterministic mock: elevated predicted load or complexity.,0.75,mock
853,train,41.360475916968355,39.08835239772324,2.2721235192451132,41.360475916968355,39.08835239772324,low,0.9261376059129174,synthetic_demo,True,real_gb,False,no_change,Deterministic mock: no high-risk pattern detected.,0.65,mock
854,train,39.676579356087046,39.95445130198073,-0.27787194589368625,39.676579356087046,39.95445130198073,low,0.9338529247546478,synthetic_demo,True,real_gb,False,no_change,Deterministic mock: no high-risk pattern detected.,0.65,mock
855,train,49.16982831350305,46.43786215793161,2.7319661555714347,49.16982831350305,46.43786215793161,low,0.9596564153083355,synthetic_demo,True,real_gb,False,simplify_ui,Deterministic mock: elevated predicted load or complexity.,0.75,mock
856,train,39.85708744822835,42.80623623424348,-2.9491487860151295,39.85708744822835,42.80623623424348,low,0.970396489743982,synthetic_demo,True,real_gb,False,no_change,Deterministic mock: no high-risk pattern detected.,0.65,mock
857,train,43.53971764496323,42.2269747306652,1.3127429142980347,43.53971764496323,42.2269747306652,low,0.9517518874830064,synthetic_demo,True,real_gb,False,no_change,Deterministic mock: no high-risk pattern detected.,0.65,mock
858,train,30.423755139845575,36.523114017492624,-6.099358877647049,30.423755139845575,36.523114017492624,low,0.9696319644966259,synthetic_demo,True,real_gb,False,no_change,Deterministic mock: no high-risk pattern detected.,0.65,mock
859,train,36.028708705813486,38.18405595155605,-2.1553472457425613,36.028708705813486,38.18405595155605,low,0.9497467272961762,synthetic_demo,True,real_gb,False,highlight_relevant,Deterministic mock: elevated time pressure.,0.7,mock
860,train,38.9338090936389,39.45630194985009,-0.5224928562111941,38.9338090936389,39.45630194985009,low,0.9589096393961732,synthetic_demo,True,real_gb,False,simplify_ui,Deterministic mock: elevated predicted load or complexity.,0.75,mock
861,test,34.48223059955205,42.370653058646774,-7.888422459094727,34.48223059955205,42.370653058646774,low,0.9159673063898155,synthetic_demo,True,real_gb,False,simplify_ui,Deterministic mock: elevated predicted load or complexity.,0.75,mock
862,train,36.560917626771634,40.34975685637281,-3.788839229601173,36.560917626771634,40.34975685637281,low,0.924868008915976,synthetic_demo,True,real_gb,False,no_change,Deterministic mock: no high-risk pattern detected.,0.65,mock
863,test,36.209395843546666,41.26954752224842,-5.060151678701757,36.209395843546666,41.26954752224842,low,0.9411199658342848,synthetic_demo,True,real_gb,False,simplify_ui,Deterministic mock: elevated predicted load or complexity.,0.75,mock
864,test,37.7597212849353,39.89126546605854,-2.131544181123239,37.7597212849353,39.89126546605854,low,0.9255299194672746,synthetic_demo,True,real_gb,False,no_change,Deterministic mock: no high-risk pattern detected.,0.65,mock
865,train,42.26618493174284,43.76563539232002,-1.4994504605771795,42.26618493174284,43.76563539232002,low,0.9308126998632367,synthetic_demo,True,real_gb,False,highlight_relevant,Deterministic mock: elevated time pressure.,0.7,mock
866,train,50.38013318286624,45.62105592620681,4.759077256659431,50.38013318286624,45.62105592620681,low,0.9548083944169964,synthetic_demo,True,real_gb,False,simplify_ui,Deterministic mock: elevated predicted load or complexity.,0.75,mock
867,train,34.84425903213976,40.960306118392865,-6.116047086253104,34.84425903213976,40.960306118392865,low,0.9390753588407706,synthetic_demo,True,real_gb,False,simplify_ui,Deterministic mock: elevated predicted load or complexity.,0.75,mock
868,train,46.04351744990382,45.8981838193606,0.14533363054322024,46.04351744990382,45.8981838193606,low,0.9440281848735547,synthetic_demo,True,real_gb,False,simplify_ui,Deterministic mock: elevated predicted load or complexity.,0.75,mock
869,train,44.22043402787908,45.52082945705963,-1.300395429180547,44.22043402787908,45.52082945705963,low,0.957574309039142,synthetic_demo,True,real_gb,False,no_change,Deterministic mock: no high-risk pattern detected.,0.65,mock
870,train,43.33343779724022,42.54410779645335,0.7893300007868689,43.33343779724022,42.54410779645335,low,0.9460420652298405,synthetic_demo,True,real_gb,False,highlight_relevant,Deterministic mock: elevated time pressure.,0.7,mock
871,train,45.74636909950702,45.66059512787226,0.08577397163475808,45.74636909950702,45.66059512787226,low,0.9460382245767872,synthetic_demo,True,real_gb,False,simplify_ui,Deterministic mock: elevated predicted load or complexity.,0.75,mock
872,train,41.20918668742932,42.71740250118871,-1.508215813759385,41.20918668742932,42.71740250118871,low,0.9533025566030209,synthetic_demo,True,real_gb,False,simplify_ui,Deterministic mock: elevated predicted load or complexity.,0.75,mock
873,train,33.69030178077567,39.35320435229741,-5.662902571521741,33.69030178077567,39.35320435229741,low,0.9415748642975043,synthetic_demo,True,real_gb,False,no_change,Deterministic mock: no high-risk pattern detected.,0.65,mock
874,train,39.663057964948656,43.354575406918705,-3.691517441970049,39.663057964948656,43.354575406918705,low,0.963574180450657,synthetic_demo,True,real_gb,False,no_change,Deterministic mock: no high-risk pattern detected.,0.65,mock
875,train,45.45629851108065,44.07974742996214,1.3765510811185067,45.45629851108065,44.07974742996214,low,0.8952383376540591,synthetic_demo,True,real_gb,False,simplify_ui,Deterministic mock: elevated predicted load or complexity.,0.75,mock
876,train,28.591657676860926,36.70551322174689,-8.113855544885965,28.591657676860926,36.70551322174689,low,0.9405058855021706,synthetic_demo,True,real_gb,False,no_change,Deterministic mock: no high-risk pattern detected.,0.65,mock
877,test,27.683303104181476,37.84896223545137,-10.16565913126989,27.683303104181476,37.84896223545137,low,0.9324930352490008,synthetic_demo,True,real_gb,False,no_change,Deterministic mock: no high-risk pattern detected.,0.65,mock
878,train,53.81329934533857,48.08246590043964,5.730833444898934,53.81329934533857,48.08246590043964,low,0.9045913261080792,synthetic_demo,True,real_gb,False,simplify_ui,Deterministic mock: elevated predicted load or complexity.,0.75,mock
879,train,46.200884983476406,43.00974509906237,3.191139884414035,46.200884983476406,43.00974509906237,low,0.9094012488833131,synthetic_demo,True,real_gb,False,highlight_relevant,Deterministic mock: elevated time pressure.,0.7,mock
880,train,31.64314020453625,37.14186063481241,-5.498720430276158,31.64314020453625,37.14186063481241,low,0.9293529595123419,synthetic_demo,True,real_gb,False,no_change,Deterministic mock: no high-risk pattern detected.,0.65,mock
881,train,49.2811124063396,48.08892975944071,1.1921826468988925,49.2811124063396,48.08892975944071,low,0.9314281409957691,synthetic_demo,True,real_gb,False,no_change,Deterministic mock: no high-risk pattern detected.,0.65,mock
882,train,40.8819545291143,43.33620452182142,-2.454249992707119,40.8819545291143,43.33620452182142,low,0.9141461207553246,synthetic_demo,True,real_gb,False,simplify_ui,Deterministic mock: elevated predicted load or complexity.,0.75,mock
883,train,27.963361612655767,39.812173890810584,-11.848812278154817,27.963361612655767,39.812173890810584,low,0.9431480791765382,synthetic_demo,True,real_gb,False,highlight_relevant,Deterministic mock: elevated time pressure.,0.7,mock
884,train,33.37591368651804,40.56878664384366,-7.192872957325619,33.37591368651804,40.56878664384366,low,0.9265709255490886,synthetic_demo,True,real_gb,False,no_change,Deterministic mock: no high-risk pattern detected.,0.65,mock
885,train,38.288261045408056,42.516434035102876,-4.228172989694819,38.288261045408056,42.516434035102876,low,0.9668869709402612,synthetic_demo,True,real_gb,False,no_change,Deterministic mock: no high-risk pattern detected.,0.65,mock
886,train,38.6359885005007,41.59384750436079,-2.9578590038600865,38.6359885005007,41.59384750436079,low,0.9630679223350656,synthetic_demo,True,real_gb,False,no_change,Deterministic mock: no high-risk pattern detected.,0.65,mock
887,train,33.7876060121411,41.93667743015651,-8.14907141801541,33.7876060121411,41.93667743015651,low,0.9610230488436886,synthetic_demo,True,real_gb,False,no_change,Deterministic mock: no high-risk pattern detected.,0.65,mock
888,train,45.521995884456686,44.54559714999199,0.9763987344646949,45.521995884456686,44.54559714999199,low,0.9276882598006052,synthetic_demo,True,real_gb,False,simplify_ui,Deterministic mock: elevated predicted load or complexity.,0.75,mock
889,train,32.74942115192656,38.27313259015842,-5.523711438231857,32.74942115192656,38.27313259015842,low,0.9281608406828469,synthetic_demo,True,real_gb,False,highlight_relevant,Deterministic mock: elevated time pressure.,0.7,mock
890,train,37.80371435984487,40.39337133765793,-2.589656977813064,37.80371435984487,40.39337133765793,low,0.951504593779712,synthetic_demo,True,real_gb,False,simplify_ui,Deterministic mock: elevated predicted load or complexity.,0.75,mock
891,train,32.0022780732683,39.00724070361363,-7.004962630345332,32.0022780732683,39.00724070361363,low,0.9716076732996571,synthetic_demo,True,real_gb,False,no_change,Deterministic mock: no high-risk pattern detected.,0.65,mock
892,train,37.325200957886686,41.16271018840287,-3.837509230516183,37.325200957886686,41.16271018840287,low,0.9351097058990554,synthetic_demo,True,real_gb,False,highlight_relevant,Deterministic mock: elevated time pressure.,0.7,mock
893,test,34.744795710076694,37.35693156658164,-2.612135856504949,34.744795710076694,37.35693156658164,low,0.960456501933908,synthetic_demo,True,real_gb,False,no_change,Deterministic mock: no high-risk pattern detected.,0.65,mock
894,train,32.80069267263571,39.273504017443955,-6.4728113448082425,32.80069267263571,39.273504017443955,low,0.9596322301015561,synthetic_demo,True,real_gb,False,no_change,Deterministic mock: no high-risk pattern detected.,0.65,mock
895,train,46.535288409644096,44.59642241219505,1.9388659974490494,46.535288409644096,44.59642241219505,low,0.9294896229156738,synthetic_demo,True,real_gb,False,highlight_relevant,Deterministic mock: elevated time pressure.,0.7,mock
896,train,24.572554907529746,35.395662508565636,-10.82310760103589,24.572554907529746,35.395662508565636,low,0.9596114027294714,synthetic_demo,True,real_gb,False,no_change,Deterministic mock: no high-risk pattern detected.,0.65,mock
897,train,43.861836879626814,43.272962760440635,0.5888741191861797,43.861836879626814,43.272962760440635,low,0.9251040900026877,synthetic_demo,True,real_gb,False,highlight_relevant,Deterministic mock: elevated time pressure.,0.7,mock
898,train,41.40505447317746,41.95571920786409,-0.5506647346866345,41.40505447317746,41.95571920786409,low,0.968826410712316,synthetic_demo,True,real_gb,False,no_change,Deterministic mock: no high-risk pattern detected.,0.65,mock
899,train,49.23375392357593,46.16086209728111,3.0728918262948213,49.23375392357593,46.16086209728111,low,0.9388877490055058,synthetic_demo,True,real_gb,False,simplify_ui,Deterministic mock: elevated predicted load or complexity.,0.75,mock
900,train,50.24713743318726,45.31947354558643,4.927663887600829,50.24713743318726,45.31947354558643,low,0.9082354317812819,synthetic_demo,True,real_gb,False,simplify_ui,Deterministic mock: elevated predicted load or complexity.,0.75,mock
901,train,39.98304941345542,41.55179815832688,-1.5687487448714634,39.98304941345542,41.55179815832688,low,0.950057905307044,synthetic_demo,True,real_gb,False,no_change,Deterministic mock: no high-risk pattern detected.,0.65,mock
902,train,31.200909253509028,37.78853721791704,-6.587627964408011,31.200909253509028,37.78853721791704,low,0.9467680045850511,synthetic_demo,True,real_gb,False,no_change,Deterministic mock: no high-risk pattern detected.,0.65,mock
903,train,43.58114412176246,44.83246189767398,-1.2513177759115166,43.58114412176246,44.83246189767398,low,0.9586900667241094,synthetic_demo,True,real_gb,False,no_change,Deterministic mock: no high-risk pattern detected.,0.65,mock
904,train,24.099374787235117,35.851195760904645,-11.751820973669528,24.099374787235117,35.851195760904645,low,0.9331165725834447,synthetic_demo,True,real_gb,False,no_change,Deterministic mock: no high-risk pattern detected.,0.65,mock
905,train,31.25221335991366,40.20435536137953,-8.952142001465866,31.25221335991366,40.20435536137953,low,0.9526627869455392,synthetic_demo,True,real_gb,False,no_change,Deterministic mock: no high-risk pattern detected.,0.65,mock
906,train,37.28806242189844,41.328252115924556,-4.040189694026118,37.28806242189844,41.328252115924556,low,0.9519315074874525,synthetic_demo,True,real_gb,False,highlight_relevant,Deterministic mock: elevated time pressure.,0.7,mock
907,train,38.60177528467108,42.190720196220674,-3.5889449115495964,38.60177528467108,42.190720196220674,low,0.9311921937085925,synthetic_demo,True,real_gb,False,simplify_ui,Deterministic mock: elevated predicted load or complexity.,0.75,mock
908,test,43.086506568851476,40.0894400847706,2.997066484080875,43.086506568851476,40.0894400847706,low,0.9447004448931735,synthetic_demo,True,real_gb,False,no_change,Deterministic mock: no high-risk pattern detected.,0.65,mock
909,train,35.526602864637574,38.33800502065029,-2.8114021560127185,35.526602864637574,38.33800502065029,low,0.9400176126728769,synthetic_demo,True,real_gb,False,no_change,Deterministic mock: no high-risk pattern detected.,0.65,mock
910,test,37.72020176028798,41.414970507601524,-3.694768747313546,37.72020176028798,41.414970507601524,low,0.9672353870368139,synthetic_demo,True,real_gb,False,no_change,Deterministic mock: no high-risk pattern detected.,0.65,mock
911,train,54.5735586151022,50.33207840016618,4.2414802149360185,54.5735586151022,50.33207840016618,moderate,0.964650541871097,synthetic_demo,True,real_gb,False,simplify_ui,Deterministic mock: elevated predicted load or complexity.,0.75,mock
912,test,38.61397719902953,42.788034874089796,-4.1740576750602685,38.61397719902953,42.788034874089796,low,0.9582304796345268,synthetic_demo,True,real_gb,False,no_change,Deterministic mock: no high-risk pattern detected.,0.65,mock
913,train,44.786727834248,43.767753221489095,1.0189746127589032,44.786727834248,43.767753221489095,low,0.8890197997709279,synthetic_demo,True,real_gb,False,simplify_ui,Deterministic mock: elevated predicted load or complexity.,0.75,mock
914,train,40.555515924875166,42.010372533550594,-1.4548566086754278,40.555515924875166,42.010372533550594,low,0.9399467386301987,synthetic_demo,True,real_gb,False,no_change,Deterministic mock: no high-risk pattern detected.,0.65,mock
915,train,37.16609176953853,40.40601059971114,-3.2399188301726056,37.16609176953853,40.40601059971114,low,0.9673987190159834,synthetic_demo,True,real_gb,False,no_change,Deterministic mock: no high-risk pattern detected.,0.65,mock
916,train,41.8237215187553,44.00065830096276,-2.176936782207463,41.8237215187553,44.00065830096276,low,0.9643362110532173,synthetic_demo,True,real_gb,False,highlight_relevant,Deterministic mock: elevated time pressure.,0.7,mock
917,train,50.68712356638495,46.96745635784393,3.7196672085410185,50.68712356638495,46.96745635784393,low,0.9659214238322907,synthetic_demo,True,real_gb,False,simplify_ui,Deterministic mock: elevated predicted load or complexity.,0.75,mock
918,test,38.74867306326492,45.99820349303176,-7.249530429766843,38.74867306326492,45.99820349303176,low,0.9593175215749804,synthetic_demo,True,real_gb,False,no_change,Deterministic mock: no high-risk pattern detected.,0.65,mock
919,train,37.341875921354465,40.78597241140043,-3.4440964900459647,37.341875921354465,40.78597241140043,low,0.9565752236939242,synthetic_demo,True,real_gb,False,no_change,Deterministic mock: no high-risk pattern detected.,0.65,mock
920,train,36.56643986886255,41.72691084588699,-5.160470977024438,36.56643986886255,41.72691084588699,low,0.9637126315744323,synthetic_demo,True,real_gb,False,highlight_relevant,Deterministic mock: elevated time pressure.,0.7,mock
921,train,30.67938792691415,38.76426133093358,-8.08487340401943,30.67938792691415,38.76426133093358,low,0.9753772615843216,synthetic_demo,True,real_gb,False,no_change,Deterministic mock: no high-risk pattern detected.,0.65,mock
922,train,27.01573691916771,39.208821062279256,-12.193084143111545,27.01573691916771,39.208821062279256,low,0.9553339234538433,synthetic_demo,True,real_gb,False,no_change,Deterministic mock: no high-risk pattern detected.,0.65,mock
923,train,32.507096422443595,38.182869822797514,-5.675773400353918,32.507096422443595,38.182869822797514,low,0.9486488020317722,synthetic_demo,True,real_gb,False,no_change,Deterministic mock: no high-risk pattern detected.,0.65,mock
924,train,36.64823654348701,38.14958436995063,-1.501347826463622,36.64823654348701,38.14958436995063,low,0.9450650592389306,synthetic_demo,True,real_gb,False,no_change,Deterministic mock: no high-risk pattern detected.,0.65,mock
925,train,30.82528065666156,38.17068491522383,-7.345404258562272,30.82528065666156,38.17068491522383,low,0.9530084555673113,synthetic_demo,True,real_gb,False,no_change,Deterministic mock: no high-risk pattern detected.,0.65,mock
926,train,44.39563363186385,43.36284300203371,1.0327906298301386,44.39563363186385,43.36284300203371,low,0.9229042381004539,synthetic_demo,True,real_gb,False,simplify_ui,Deterministic mock: elevated predicted load or complexity.,0.75,mock
927,test,37.608411988652314,44.119955783168116,-6.511543794515802,37.608411988652314,44.119955783168116,low,0.908151080004764,synthetic_demo,True,real_gb,False,highlight_relevant,Deterministic mock: elevated time pressure.,0.7,mock
928,train,53.65137999121528,48.20231429494075,5.4490656962745305,53.65137999121528,48.20231429494075,low,0.9242864809421941,synthetic_demo,True,real_gb,False,simplify_ui,Deterministic mock: elevated predicted load or complexity.,0.75,mock
929,train,42.02665125207483,40.77640447519367,1.2502467768811556,42.02665125207483,40.77640447519367,low,0.9356340162227258,synthetic_demo,True,real_gb,False,no_change,Deterministic mock: no high-risk pattern detected.,0.65,mock
930,train,30.677068745209944,39.091933161610534,-8.41486441640059,30.677068745209944,39.091933161610534,low,0.9386872792855429,synthetic_demo,True,real_gb,False,no_change,Deterministic mock: no high-risk pattern detected.,0.65,mock
931,train,36.81468174659054,40.71237335880604,-3.897691612215503,36.81468174659054,40.71237335880604,low,0.9528880418164738,synthetic_demo,True,real_gb,False,no_change,Deterministic mock: no high-risk pattern detected.,0.65,mock
932,test,40.708555654326084,38.614703985211015,2.093851669115068,40.708555654326084,38.614703985211015,low,0.9363601580154705,synthetic_demo,True,real_gb,False,no_change,Deterministic mock: no high-risk pattern detected.,0.65,mock
933,train,39.65956519030209,41.038819497357686,-1.3792543070555965,39.65956519030209,41.038819497357686,low,0.9703571848161084,synthetic_demo,True,real_gb,False,no_change,Deterministic mock: no high-risk pattern detected.,0.65,mock
934,train,41.973981279975455,43.12503667484269,-1.1510553948672353,41.973981279975455,43.12503667484269,low,0.9431735863622303,synthetic_demo,True,real_gb,False,highlight_relevant,Deterministic mock: elevated time pressure.,0.7,mock
935,train,61.9799966041906,52.13458022440343,9.845416379787174,61.9799966041906,52.13458022440343,moderate,0.9229484964373135,synthetic_demo,True,real_gb,False,simplify_ui,Deterministic mock: elevated predicted load or complexity.,0.75,mock
936,train,51.627994218253434,47.58492169851371,4.043072519739724,51.627994218253434,47.58492169851371,low,0.9249051930034722,synthetic_demo,True,real_gb,False,simplify_ui,Deterministic mock: elevated predicted load or complexity.,0.75,mock
937,train,30.988902157320098,35.94625752406076,-4.957355366740664,30.988902157320098,35.94625752406076,low,0.9405853936377461,synthetic_demo,True,real_gb,False,no_change,Deterministic mock: no high-risk pattern detected.,0.65,mock
938,train,49.2079268655037,47.45856003171982,1.7493668337838812,49.2079268655037,47.45856003171982,low,0.9383805990587583,synthetic_demo,True,real_gb,False,highlight_relevant,Deterministic mock: elevated time pressure.,0.7,mock
939,test,41.37528229587106,40.587867561307334,0.7874147345637255,41.37528229587106,40.587867561307334,low,0.9451442638204842,synthetic_demo,True,real_gb,False,no_change,Deterministic mock: no high-risk pattern detected.,0.65,mock
940,train,36.9842362368567,40.907357302723646,-3.923121065866944,36.9842362368567,40.907357302723646,low,0.9583904136102552,synthetic_demo,True,real_gb,False,highlight_relevant,Deterministic mock: elevated time pressure.,0.7,mock
941,train,26.254051158957985,37.788748477457,-11.534697318499013,26.254051158957985,37.788748477457,low,0.9260269179594882,synthetic_demo,True,real_gb,False,highlight_relevant,Deterministic mock: elevated time pressure.,0.7,mock
942,train,32.69516032739171,37.073935688297844,-4.378775360906133,32.69516032739171,37.073935688297844,low,0.9336996202928407,synthetic_demo,True,real_gb,False,no_change,Deterministic mock: no high-risk pattern detected.,0.65,mock
943,test,37.65494852684381,44.020165985678304,-6.365217458834493,37.65494852684381,44.020165985678304,low,0.9416848890997656,synthetic_demo,True,real_gb,False,no_change,Deterministic mock: no high-risk pattern detected.,0.65,mock
944,train,34.919234048853895,41.69989347865638,-6.780659429802483,34.919234048853895,41.69989347865638,low,0.9549589576607612,synthetic_demo,True,real_gb,False,simplify_ui,Deterministic mock: elevated predicted load or complexity.,0.75,mock
945,train,30.266401221753558,36.34614410969852,-6.079742887944963,30.266401221753558,36.34614410969852,low,0.9276723436940617,synthetic_demo,True,real_gb,False,no_change,Deterministic mock: no high-risk pattern detected.,0.65,mock
946,train,40.795232701391726,44.16895779829554,-3.3737250969038115,40.795232701391726,44.16895779829554,low,0.9399387974406533,synthetic_demo,True,real_gb,False,simplify_ui,Deterministic mock: elevated predicted load or complexity.,0.75,mock
947,train,32.08900489108106,40.49702243131896,-8.4080175402379,32.08900489108106,40.49702243131896,low,0.9427492738028357,synthetic_demo,True,real_gb,False,no_change,Deterministic mock: no high-risk pattern detected.,0.65,mock
948,test,50.22091288107835,44.711801706584566,5.509111174493782,50.22091288107835,44.711801706584566,low,0.9705084515909622,synthetic_demo,True,real_gb,False,simplify_ui,Deterministic mock: elevated predicted load or complexity.,0.75,mock
949,train,40.6017716478943,42.16688573210954,-1.5651140842152387,40.6017716478943,42.16688573210954,low,0.9148089115399901,synthetic_demo,True,real_gb,False,highlight_relevant,Deterministic mock: elevated time pressure.,0.7,mock
950,train,33.11682484165611,40.509626312772475,-7.392801471116364,33.11682484165611,40.509626312772475,low,0.9070300020620504,synthetic_demo,True,real_gb,False,no_change,Deterministic mock: no high-risk pattern detected.,0.65,mock
951,train,38.65447020104018,42.25570313278294,-3.601232931742757,38.65447020104018,42.25570313278294,low,0.9650046320318613,synthetic_demo,True,real_gb,False,no_change,Deterministic mock: no high-risk pattern detected.,0.65,mock
952,train,37.75762276758077,39.89525984026262,-2.137637072681848,37.75762276758077,39.89525984026262,low,0.9124925512655714,synthetic_demo,True,real_gb,False,no_change,Deterministic mock: no high-risk pattern detected.,0.65,mock
953,test,37.06225460845331,42.414203483006375,-5.351948874553067,37.06225460845331,42.414203483006375,low,0.9411532549347462,synthetic_demo,True,real_gb,False,simplify_ui,Deterministic mock: elevated predicted load or complexity.,0.75,mock
954,train,50.174872428010076,46.013625351605285,4.161247076404791,50.174872428010076,46.013625351605285,low,0.9437679377401081,synthetic_demo,True,real_gb,False,no_change,Deterministic mock: no high-risk pattern detected.,0.65,mock
955,train,43.11102324428674,43.09521370270898,0.01580954157775949,43.11102324428674,43.09521370270898,low,0.9454385619658477,synthetic_demo,True,real_gb,False,simplify_ui,Deterministic mock: elevated predicted load or complexity.,0.75,mock
956,test,31.783621808461394,38.763782712607565,-6.980160904146171,31.783621808461394,38.763782712607565,low,0.9384765086142307,synthetic_demo,True,real_gb,False,simplify_ui,Deterministic mock: elevated predicted load or complexity.,0.75,mock
957,train,43.55929210076659,43.29672049172514,0.2625716090414514,43.55929210076659,43.29672049172514,low,0.9309166754711876,synthetic_demo,True,real_gb,False,simplify_ui,Deterministic mock: elevated predicted load or complexity.,0.75,mock
958,train,35.49054766536798,38.631624061884764,-3.1410763965167874,35.49054766536798,38.631624061884764,low,0.9616777103947477,synthetic_demo,True,real_gb,False,highlight_relevant,Deterministic mock: elevated time pressure.,0.7,mock
959,train,34.79580686208548,41.102085499550824,-6.306278637465347,34.79580686208548,41.102085499550824,low,0.9657302488595965,synthetic_demo,True,real_gb,False,no_change,Deterministic mock: no high-risk pattern detected.,0.65,mock
960,train,48.06016491046803,47.6910506968829,0.3691142135851351,48.06016491046803,47.6910506968829,low,0.9371049220993286,synthetic_demo,True,real_gb,False,simplify_ui,Deterministic mock: elevated predicted load or complexity.,0.75,mock
961,test,41.0976723800661,43.052821503212776,-1.9551491231466755,41.0976723800661,43.052821503212776,low,0.9546239789196875,synthetic_demo,True,real_gb,False,highlight_relevant,Deterministic mock: elevated time pressure.,0.7,mock
962,test,30.086093743829288,38.71345177888024,-8.627358035050953,30.086093743829288,38.71345177888024,low,0.9333034668390309,synthetic_demo,True,real_gb,False,no_change,Deterministic mock: no high-risk pattern detected.,0.65,mock
963,train,36.01503911173111,39.707950079829246,-3.6929109680981327,36.01503911173111,39.707950079829246,low,0.9579032731294449,synthetic_demo,True,real_gb,False,no_change,Deterministic mock: no high-risk pattern detected.,0.65,mock
964,train,41.1823732581356,41.57018477011562,-0.3878115119800185,41.1823732581356,41.57018477011562,low,0.9582798246661057,synthetic_demo,True,real_gb,False,highlight_relevant,Deterministic mock: elevated time pressure.,0.7,mock
965,train,46.57795955597113,45.27580956702322,1.3021499889479102,46.57795955597113,45.27580956702322,low,0.9280274930951677,synthetic_demo,True,real_gb,False,simplify_ui,Deterministic mock: elevated predicted load or complexity.,0.75,mock
966,train,40.33307228766485,42.25855027850321,-1.9254779908383597,40.33307228766485,42.25855027850321,low,0.940742030090305,synthetic_demo,True,real_gb,False,no_change,Deterministic mock: no high-risk pattern detected.,0.65,mock
967,test,36.33363053834765,40.85514055494672,-4.521510016599073,36.33363053834765,40.85514055494672,low,0.9688627657870755,synthetic_demo,True,real_gb,False,no_change,Deterministic mock: no high-risk pattern detected.,0.65,mock
968,train,47.91615346017349,45.729401239109855,2.186752221063635,47.91615346017349,45.729401239109855,low,0.9591745217314633,synthetic_demo,True,real_gb,False,no_change,Deterministic mock: no high-risk pattern detected.,0.65,mock
969,train,40.18407789190538,42.89540909944046,-2.711331207535075,40.18407789190538,42.89540909944046,low,0.955363347757042,synthetic_demo,True,real_gb,False,no_change,Deterministic mock: no high-risk pattern detected.,0.65,mock
970,test,31.275750063456247,38.63874298475013,-7.362992921293884,31.275750063456247,38.63874298475013,low,0.9574885790924259,synthetic_demo,True,real_gb,False,highlight_relevant,Deterministic mock: elevated time pressure.,0.7,mock
971,train,49.041889932700315,44.73929909872382,4.302590833976495,49.041889932700315,44.73929909872382,low,0.9456572691481971,synthetic_demo,True,real_gb,False,simplify_ui,Deterministic mock: elevated predicted load or complexity.,0.75,mock
972,train,23.055967768258117,36.385338970166025,-13.329371201907907,23.055967768258117,36.385338970166025,low,0.9554394647280421,synthetic_demo,True,real_gb,False,no_change,Deterministic mock: no high-risk pattern detected.,0.65,mock
973,test,38.12966627327379,44.04226370401149,-5.912597430737698,38.12966627327379,44.04226370401149,low,0.9320128222611513,synthetic_demo,True,real_gb,False,simplify_ui,Deterministic mock: elevated predicted load or complexity.,0.75,mock
974,test,41.638713575428035,43.626461225143224,-1.987747649715189,41.638713575428035,43.626461225143224,low,0.9517219727556768,synthetic_demo,True,real_gb,False,no_change,Deterministic mock: no high-risk pattern detected.,0.65,mock
975,train,30.44573000328286,37.66966476468646,-7.223934761403598,30.44573000328286,37.66966476468646,low,0.9402900208305842,synthetic_demo,True,real_gb,False,highlight_relevant,Deterministic mock: elevated time pressure.,0.7,mock
976,train,37.85270077998639,43.020370451060266,-5.167669671073874,37.85270077998639,43.020370451060266,low,0.9347873855301623,synthetic_demo,True,real_gb,False,no_change,Deterministic mock: no high-risk pattern detected.,0.65,mock
977,train,40.14047247253431,43.507819267844155,-3.3673467953098424,40.14047247253431,43.507819267844155,low,0.950441676689479,synthetic_demo,True,real_gb,False,no_change,Deterministic mock: no high-risk pattern detected.,0.65,mock
978,train,44.23219121207502,44.85458881851012,-0.6223976064351007,44.23219121207502,44.85458881851012,low,0.9630991238416604,synthetic_demo,True,real_gb,False,no_change,Deterministic mock: no high-risk pattern detected.,0.65,mock
979,train,51.56715097126631,46.399916858580184,5.167234112686124,51.56715097126631,46.399916858580184,low,0.9359086598254086,synthetic_demo,True,real_gb,False,highlight_relevant,Deterministic mock: elevated time pressure.,0.7,mock
980,train,37.24174328004414,38.88117269135649,-1.6394294113123493,37.24174328004414,38.88117269135649,low,0.9619343310377932,synthetic_demo,True,real_gb,False,no_change,Deterministic mock: no high-risk pattern detected.,0.65,mock
981,train,35.19791847366636,38.780078474316106,-3.5821600006497434,35.19791847366636,38.780078474316106,low,0.9677868408550584,synthetic_demo,True,real_gb,False,no_change,Deterministic mock: no high-risk pattern detected.,0.65,mock
982,test,39.43801826625571,44.96665357582998,-5.52863530957427,39.43801826625571,44.96665357582998,low,0.9476192963775855,synthetic_demo,True,real_gb,False,highlight_relevant,Deterministic mock: elevated time pressure.,0.7,mock
983,train,35.841166848741075,42.31587576605697,-6.474708917315894,35.841166848741075,42.31587576605697,low,0.93730061499933,synthetic_demo,True,real_gb,False,no_change,Deterministic mock: no high-risk pattern detected.,0.65,mock
984,train,22.87087445689154,36.03689776739231,-13.166023310500773,22.87087445689154,36.03689776739231,low,0.9253732218508814,synthetic_demo,True,real_gb,False,no_change,Deterministic mock: no high-risk pattern detected.,0.65,mock
985,train,47.75543487821403,43.44578629134829,4.309648586865741,47.75543487821403,43.44578629134829,low,0.9541173683650106,synthetic_demo,True,real_gb,False,highlight_relevant,Deterministic mock: elevated time pressure.,0.7,mock
986,train,33.68117661853798,37.195335477527344,-3.5141588589893615,33.68117661853798,37.195335477527344,low,0.9404521026087903,synthetic_demo,True,real_gb,False,highlight_relevant,Deterministic mock: elevated time pressure.,0.7,mock
987,train,37.98252835898241,40.26294845946706,-2.2804201004846547,37.98252835898241,40.26294845946706,low,0.930988043305775,synthetic_demo,True,real_gb,False,no_change,Deterministic mock: no high-risk pattern detected.,0.65,mock
988,train,44.48930479076644,44.63680432695867,-0.14749953619222822,44.48930479076644,44.63680432695867,low,0.9184379251989557,synthetic_demo,True,real_gb,False,simplify_ui,Deterministic mock: elevated predicted load or complexity.,0.75,mock
989,train,39.69719164263439,42.62765691190557,-2.9304652692711812,39.69719164263439,42.62765691190557,low,0.9556213031846061,synthetic_demo,True,real_gb,False,simplify_ui,Deterministic mock: elevated predicted load or complexity.,0.75,mock
990,train,29.882271269633424,37.72238056996104,-7.840109300327615,29.882271269633424,37.72238056996104,low,0.9232506480013422,synthetic_demo,True,real_gb,False,highlight_relevant,Deterministic mock: elevated time pressure.,0.7,mock
991,train,43.76049943368382,44.15802164204435,-0.39752220836053453,43.76049943368382,44.15802164204435,low,0.9586399859837348,synthetic_demo,True,real_gb,False,no_change,Deterministic mock: no high-risk pattern detected.,0.65,mock
992,test,45.41588287647902,44.14206088766446,1.2738219888145608,45.41588287647902,44.14206088766446,low,0.9585412755300527,synthetic_demo,True,real_gb,False,simplify_ui,Deterministic mock: elevated predicted load or complexity.,0.75,mock
993,train,33.0309975599935,41.828937643075484,-8.797940083081983,33.0309975599935,41.828937643075484,low,0.9721303632178698,synthetic_demo,True,real_gb,False,no_change,Deterministic mock: no high-risk pattern detected.,0.65,mock
994,train,49.67402252796796,44.678130405240246,4.995892122727717,49.67402252796796,44.678130405240246,low,0.9460666162056526,synthetic_demo,True,real_gb,False,highlight_relevant,Deterministic mock: elevated time pressure.,0.7,mock
995,train,40.76327867152278,42.38236275416043,-1.6190840826376558,40.76327867152278,42.38236275416043,low,0.9331813349619582,synthetic_demo,True,real_gb,False,simplify_ui,Deterministic mock: elevated predicted load or complexity.,0.75,mock
996,train,41.70396500812132,43.143062894449045,-1.4390978863277226,41.70396500812132,43.143062894449045,low,0.9773113649562332,synthetic_demo,True,real_gb,False,no_change,Deterministic mock: no high-risk pattern detected.,0.65,mock
997,train,34.393981870947,39.47057799348711,-5.07659612254011,34.393981870947,39.47057799348711,low,0.9760915104203206,synthetic_demo,True,real_gb,False,no_change,Deterministic mock: no high-risk pattern detected.,0.65,mock
998,train,41.01477835054186,42.70091844944522,-1.6861400989033584,41.01477835054186,42.70091844944522,low,0.9576094437464077,synthetic_demo,True,real_gb,False,no_change,Deterministic mock: no high-risk pattern detected.,0.65,mock
999,train,32.90605319555875,38.591050839585094,-5.684997644026346,32.90605319555875,38.591050839585094,low,0.9520239369658603,synthetic_demo,True,real_gb,False,no_change,Deterministic mock: no high-risk pattern detected.,0.65,mock
